ProductId,SkuId,EAN,Brand,Category,Imageurl1,Imageurl2,Imageurl3,Imageurl4 & Imageurl5,StockStatus,StockQuantity,Title,Description,AttributeSize,AttributeColor,NormalPriceWithoutVAT,PackageWeight,VATRate,Currency
MKA217,MKA217-black-S,9159882046369,Drupum,Apparel & Accessories > Clothing > Shirts & Tops > Mens,https://i.imgur.com/rzEUIEP.jpg,https://i.imgur.com/FUHrLeD.jpg,https://i.imgur.com/l6JL7Wt.jpg,https://i.imgur.com/VemH6YA.jpg,INSTOCK,100,Drupum Men's Fashion Casual Plaid Long Sleeve Shirt,"This shirt is suitable for business, going out, party, dating, leisure and so on. Show your body, be a charming gentleman. <br><br>European size: S-XXL; <br>Fabric: polyester; <br>Sleeve: long sleeve; <br>Collar: turn-down collar; <br>Style: slimming. <br><br>Tips: 1, manual measurement, there are 1-3cm errors; <br>2, there is a little color difference due to different light, screen. Please pay attention. Thank you. Wish you a nice shopping!",S,Black,25.57,200,0,GBP
MKA217,MKA217-black-M,9159882046376,Drupum,Apparel & Accessories > Clothing > Shirts & Tops > Mens,https://i.imgur.com/rzEUIEP.jpg,https://i.imgur.com/FUHrLeD.jpg,https://i.imgur.com/l6JL7Wt.jpg,https://i.imgur.com/VemH6YA.jpg,INSTOCK,100,Drupum Men's Fashion Casual Plaid Long Sleeve Shirt,"This shirt is suitable for business, going out, party, dating, leisure and so on. Show your body, be a charming gentleman. <br><br>European size: S-XXL; <br>Fabric: polyester; <br>Sleeve: long sleeve; <br>Collar: turn-down collar; <br>Style: slimming. <br><br>Tips: 1, manual measurement, there are 1-3cm errors; <br>2, there is a little color difference due to different light, screen. Please pay attention. Thank you. Wish you a nice shopping!",M,Black,25.57,200,0,GBP
MKA217,MKA217-black-L,9159882046383,Drupum,Apparel & Accessories > Clothing > Shirts & Tops > Mens,https://i.imgur.com/rzEUIEP.jpg,https://i.imgur.com/FUHrLeD.jpg,https://i.imgur.com/l6JL7Wt.jpg,https://i.imgur.com/VemH6YA.jpg,INSTOCK,100,Drupum Men's Fashion Casual Plaid Long Sleeve Shirt,"This shirt is suitable for business, going out, party, dating, leisure and so on. Show your body, be a charming gentleman. <br><br>European size: S-XXL; <br>Fabric: polyester; <br>Sleeve: long sleeve; <br>Collar: turn-down collar; <br>Style: slimming. <br><br>Tips: 1, manual measurement, there are 1-3cm errors; <br>2, there is a little color difference due to different light, screen. Please pay attention. Thank you. Wish you a nice shopping!",L,Black,25.57,200,0,GBP
MKA217,MKA217-black-XL,9159882046390,Drupum,Apparel & Accessories > Clothing > Shirts & Tops > Mens,https://i.imgur.com/rzEUIEP.jpg,https://i.imgur.com/FUHrLeD.jpg,https://i.imgur.com/l6JL7Wt.jpg,https://i.imgur.com/VemH6YA.jpg,INSTOCK,100,Drupum Men's Fashion Casual Plaid Long Sleeve Shirt,"This shirt is suitable for business, going out, party, dating, leisure and so on. Show your body, be a charming gentleman. <br><br>European size: S-XXL; <br>Fabric: polyester; <br>Sleeve: long sleeve; <br>Collar: turn-down collar; <br>Style: slimming. <br><br>Tips: 1, manual measurement, there are 1-3cm errors; <br>2, there is a little color difference due to different light, screen. Please pay attention. Thank you. Wish you a nice shopping!",XL,Black,25.57,200,0,GBP
MKA217,MKA217-black-XXL,9159882046406,Drupum,Apparel & Accessories > Clothing > Shirts & Tops > Mens,https://i.imgur.com/rzEUIEP.jpg,https://i.imgur.com/FUHrLeD.jpg,https://i.imgur.com/l6JL7Wt.jpg,https://i.imgur.com/VemH6YA.jpg,INSTOCK,100,Drupum Men's Fashion Casual Plaid Long Sleeve Shirt,"This shirt is suitable for business, going out, party, dating, leisure and so on. Show your body, be a charming gentleman. <br><br>European size: S-XXL; <br>Fabric: polyester; <br>Sleeve: long sleeve; <br>Collar: turn-down collar; <br>Style: slimming. <br><br>Tips: 1, manual measurement, there are 1-3cm errors; <br>2, there is a little color difference due to different light, screen. Please pay attention. Thank you. Wish you a nice shopping!",XXL,Black,25.57,200,0,GBP
MKA217,MKA217-navy-S,9159882046413,Drupum,Apparel & Accessories > Clothing > Shirts & Tops > Mens,https://i.imgur.com/38URhcj.jpg,https://i.imgur.com/uCLZMVd.jpg,https://i.imgur.com/TH3XtcI.jpg,https://i.imgur.com/VemH6YA.jpg,INSTOCK,100,Drupum Men's Fashion Casual Plaid Long Sleeve Shirt,"This shirt is suitable for business, going out, party, dating, leisure and so on. Show your body, be a charming gentleman. <br><br>European size: S-XXL; <br>Fabric: polyester; <br>Sleeve: long sleeve; <br>Collar: turn-down collar; <br>Style: slimming. <br><br>Tips: 1, manual measurement, there are 1-3cm errors; <br>2, there is a little color difference due to different light, screen. Please pay attention. Thank you. Wish you a nice shopping!",S,Navy,25.57,200,0,GBP
MKA217,MKA217-navy-M,9159882046420,Drupum,Apparel & Accessories > Clothing > Shirts & Tops > Mens,https://i.imgur.com/38URhcj.jpg,https://i.imgur.com/uCLZMVd.jpg,https://i.imgur.com/TH3XtcI.jpg,https://i.imgur.com/VemH6YA.jpg,INSTOCK,100,Drupum Men's Fashion Casual Plaid Long Sleeve Shirt,"This shirt is suitable for business, going out, party, dating, leisure and so on. Show your body, be a charming gentleman. <br><br>European size: S-XXL; <br>Fabric: polyester; <br>Sleeve: long sleeve; <br>Collar: turn-down collar; <br>Style: slimming. <br><br>Tips: 1, manual measurement, there are 1-3cm errors; <br>2, there is a little color difference due to different light, screen. Please pay attention. Thank you. Wish you a nice shopping!",M,Navy,25.57,200,0,GBP
MKA217,MKA217-navy-L,9159882046437,Drupum,Apparel & Accessories > Clothing > Shirts & Tops > Mens,https://i.imgur.com/38URhcj.jpg,https://i.imgur.com/uCLZMVd.jpg,https://i.imgur.com/TH3XtcI.jpg,https://i.imgur.com/VemH6YA.jpg,INSTOCK,100,Drupum Men's Fashion Casual Plaid Long Sleeve Shirt,"This shirt is suitable for business, going out, party, dating, leisure and so on. Show your body, be a charming gentleman. <br><br>European size: S-XXL; <br>Fabric: polyester; <br>Sleeve: long sleeve; <br>Collar: turn-down collar; <br>Style: slimming. <br><br>Tips: 1, manual measurement, there are 1-3cm errors; <br>2, there is a little color difference due to different light, screen. Please pay attention. Thank you. Wish you a nice shopping!",L,Navy,25.57,200,0,GBP
MKA217,MKA217-navy-XL,9159882046444,Drupum,Apparel & Accessories > Clothing > Shirts & Tops > Mens,https://i.imgur.com/38URhcj.jpg,https://i.imgur.com/uCLZMVd.jpg,https://i.imgur.com/TH3XtcI.jpg,https://i.imgur.com/VemH6YA.jpg,INSTOCK,100,Drupum Men's Fashion Casual Plaid Long Sleeve Shirt,"This shirt is suitable for business, going out, party, dating, leisure and so on. Show your body, be a charming gentleman. <br><br>European size: S-XXL; <br>Fabric: polyester; <br>Sleeve: long sleeve; <br>Collar: turn-down collar; <br>Style: slimming. <br><br>Tips: 1, manual measurement, there are 1-3cm errors; <br>2, there is a little color difference due to different light, screen. Please pay attention. Thank you. Wish you a nice shopping!",XL,Navy,25.57,200,0,GBP
MKA217,MKA217-navy-XXL,9159882046451,Drupum,Apparel & Accessories > Clothing > Shirts & Tops > Mens,https://i.imgur.com/38URhcj.jpg,https://i.imgur.com/uCLZMVd.jpg,https://i.imgur.com/TH3XtcI.jpg,https://i.imgur.com/VemH6YA.jpg,INSTOCK,100,Drupum Men's Fashion Casual Plaid Long Sleeve Shirt,"This shirt is suitable for business, going out, party, dating, leisure and so on. Show your body, be a charming gentleman. <br><br>European size: S-XXL; <br>Fabric: polyester; <br>Sleeve: long sleeve; <br>Collar: turn-down collar; <br>Style: slimming. <br><br>Tips: 1, manual measurement, there are 1-3cm errors; <br>2, there is a little color difference due to different light, screen. Please pay attention. Thank you. Wish you a nice shopping!",XXL,Navy,25.57,200,0,GBP
MKA217,MKA217-red-S,9159882046468,Drupum,Apparel & Accessories > Clothing > Shirts & Tops > Mens,https://i.imgur.com/L4PJENa.jpg,https://i.imgur.com/N2aU6X0.jpg,https://i.imgur.com/UPZ0ZRM.jpg,https://i.imgur.com/VemH6YA.jpg,INSTOCK,100,Drupum Men's Fashion Casual Plaid Long Sleeve Shirt,"This shirt is suitable for business, going out, party, dating, leisure and so on. Show your body, be a charming gentleman. <br><br>European size: S-XXL; <br>Fabric: polyester; <br>Sleeve: long sleeve; <br>Collar: turn-down collar; <br>Style: slimming. <br><br>Tips: 1, manual measurement, there are 1-3cm errors; <br>2, there is a little color difference due to different light, screen. Please pay attention. Thank you. Wish you a nice shopping!",S,Red,25.57,200,0,GBP
MKA217,MKA217-red-M,9159882046475,Drupum,Apparel & Accessories > Clothing > Shirts & Tops > Mens,https://i.imgur.com/L4PJENa.jpg,https://i.imgur.com/N2aU6X0.jpg,https://i.imgur.com/UPZ0ZRM.jpg,https://i.imgur.com/VemH6YA.jpg,INSTOCK,100,Drupum Men's Fashion Casual Plaid Long Sleeve Shirt,"This shirt is suitable for business, going out, party, dating, leisure and so on. Show your body, be a charming gentleman. <br><br>European size: S-XXL; <br>Fabric: polyester; <br>Sleeve: long sleeve; <br>Collar: turn-down collar; <br>Style: slimming. <br><br>Tips: 1, manual measurement, there are 1-3cm errors; <br>2, there is a little color difference due to different light, screen. Please pay attention. Thank you. Wish you a nice shopping!",M,Red,25.57,200,0,GBP
MKA217,MKA217-red-L,9159882046482,Drupum,Apparel & Accessories > Clothing > Shirts & Tops > Mens,https://i.imgur.com/L4PJENa.jpg,https://i.imgur.com/N2aU6X0.jpg,https://i.imgur.com/UPZ0ZRM.jpg,https://i.imgur.com/VemH6YA.jpg,INSTOCK,100,Drupum Men's Fashion Casual Plaid Long Sleeve Shirt,"This shirt is suitable for business, going out, party, dating, leisure and so on. Show your body, be a charming gentleman. <br><br>European size: S-XXL; <br>Fabric: polyester; <br>Sleeve: long sleeve; <br>Collar: turn-down collar; <br>Style: slimming. <br><br>Tips: 1, manual measurement, there are 1-3cm errors; <br>2, there is a little color difference due to different light, screen. Please pay attention. Thank you. Wish you a nice shopping!",L,Red,25.57,200,0,GBP
MKA217,MKA217-red-XL,9159882046499,Drupum,Apparel & Accessories > Clothing > Shirts & Tops > Mens,https://i.imgur.com/L4PJENa.jpg,https://i.imgur.com/N2aU6X0.jpg,https://i.imgur.com/UPZ0ZRM.jpg,https://i.imgur.com/VemH6YA.jpg,INSTOCK,100,Drupum Men's Fashion Casual Plaid Long Sleeve Shirt,"This shirt is suitable for business, going out, party, dating, leisure and so on. Show your body, be a charming gentleman. <br><br>European size: S-XXL; <br>Fabric: polyester; <br>Sleeve: long sleeve; <br>Collar: turn-down collar; <br>Style: slimming. <br><br>Tips: 1, manual measurement, there are 1-3cm errors; <br>2, there is a little color difference due to different light, screen. Please pay attention. Thank you. Wish you a nice shopping!",XL,Red,25.57,200,0,GBP
MKA217,MKA217-red-XXL,9159882046505,Drupum,Apparel & Accessories > Clothing > Shirts & Tops > Mens,https://i.imgur.com/L4PJENa.jpg,https://i.imgur.com/N2aU6X0.jpg,https://i.imgur.com/UPZ0ZRM.jpg,https://i.imgur.com/VemH6YA.jpg,INSTOCK,100,Drupum Men's Fashion Casual Plaid Long Sleeve Shirt,"This shirt is suitable for business, going out, party, dating, leisure and so on. Show your body, be a charming gentleman. <br><br>European size: S-XXL; <br>Fabric: polyester; <br>Sleeve: long sleeve; <br>Collar: turn-down collar; <br>Style: slimming. <br><br>Tips: 1, manual measurement, there are 1-3cm errors; <br>2, there is a little color difference due to different light, screen. Please pay attention. Thank you. Wish you a nice shopping!",XXL,Red,25.57,200,0,GBP
MKA217,MKA217-white-S,9159882046512,Drupum,Apparel & Accessories > Clothing > Shirts & Tops > Mens,https://i.imgur.com/zMihp8w.jpg,https://i.imgur.com/JYHr0Av.jpg,https://i.imgur.com/cB0auyx.jpg,https://i.imgur.com/VemH6YA.jpg,INSTOCK,100,Drupum Men's Fashion Casual Plaid Long Sleeve Shirt,"This shirt is suitable for business, going out, party, dating, leisure and so on. Show your body, be a charming gentleman. <br><br>European size: S-XXL; <br>Fabric: polyester; <br>Sleeve: long sleeve; <br>Collar: turn-down collar; <br>Style: slimming. <br><br>Tips: 1, manual measurement, there are 1-3cm errors; <br>2, there is a little color difference due to different light, screen. Please pay attention. Thank you. Wish you a nice shopping!",S,White,25.57,200,0,GBP
MKA217,MKA217-white-M,9159882046529,Drupum,Apparel & Accessories > Clothing > Shirts & Tops > Mens,https://i.imgur.com/zMihp8w.jpg,https://i.imgur.com/JYHr0Av.jpg,https://i.imgur.com/cB0auyx.jpg,https://i.imgur.com/VemH6YA.jpg,INSTOCK,100,Drupum Men's Fashion Casual Plaid Long Sleeve Shirt,"This shirt is suitable for business, going out, party, dating, leisure and so on. Show your body, be a charming gentleman. <br><br>European size: S-XXL; <br>Fabric: polyester; <br>Sleeve: long sleeve; <br>Collar: turn-down collar; <br>Style: slimming. <br><br>Tips: 1, manual measurement, there are 1-3cm errors; <br>2, there is a little color difference due to different light, screen. Please pay attention. Thank you. Wish you a nice shopping!",M,White,25.57,200,0,GBP
MKA217,MKA217-white-L,9159882046536,Drupum,Apparel & Accessories > Clothing > Shirts & Tops > Mens,https://i.imgur.com/zMihp8w.jpg,https://i.imgur.com/JYHr0Av.jpg,https://i.imgur.com/cB0auyx.jpg,https://i.imgur.com/VemH6YA.jpg,INSTOCK,100,Drupum Men's Fashion Casual Plaid Long Sleeve Shirt,"This shirt is suitable for business, going out, party, dating, leisure and so on. Show your body, be a charming gentleman. <br><br>European size: S-XXL; <br>Fabric: polyester; <br>Sleeve: long sleeve; <br>Collar: turn-down collar; <br>Style: slimming. <br><br>Tips: 1, manual measurement, there are 1-3cm errors; <br>2, there is a little color difference due to different light, screen. Please pay attention. Thank you. Wish you a nice shopping!",L,White,25.57,200,0,GBP
MKA217,MKA217-white-XL,9159882046543,Drupum,Apparel & Accessories > Clothing > Shirts & Tops > Mens,https://i.imgur.com/zMihp8w.jpg,https://i.imgur.com/JYHr0Av.jpg,https://i.imgur.com/cB0auyx.jpg,https://i.imgur.com/VemH6YA.jpg,INSTOCK,100,Drupum Men's Fashion Casual Plaid Long Sleeve Shirt,"This shirt is suitable for business, going out, party, dating, leisure and so on. Show your body, be a charming gentleman. <br><br>European size: S-XXL; <br>Fabric: polyester; <br>Sleeve: long sleeve; <br>Collar: turn-down collar; <br>Style: slimming. <br><br>Tips: 1, manual measurement, there are 1-3cm errors; <br>2, there is a little color difference due to different light, screen. Please pay attention. Thank you. Wish you a nice shopping!",XL,White,25.57,200,0,GBP
MKA217,MKA217-white-XXL,9159882046550,Drupum,Apparel & Accessories > Clothing > Shirts & Tops > Mens,https://i.imgur.com/zMihp8w.jpg,https://i.imgur.com/JYHr0Av.jpg,https://i.imgur.com/cB0auyx.jpg,https://i.imgur.com/VemH6YA.jpg,INSTOCK,100,Drupum Men's Fashion Casual Plaid Long Sleeve Shirt,"This shirt is suitable for business, going out, party, dating, leisure and so on. Show your body, be a charming gentleman. <br><br>European size: S-XXL; <br>Fabric: polyester; <br>Sleeve: long sleeve; <br>Collar: turn-down collar; <br>Style: slimming. <br><br>Tips: 1, manual measurement, there are 1-3cm errors; <br>2, there is a little color difference due to different light, screen. Please pay attention. Thank you. Wish you a nice shopping!",XXL,White,25.57,200,0,GBP
MKA218,MKA218-black-S,9159882046567,Drupum,Apparel & Accessories > Clothing > Shirts & Tops > Mens,https://i.imgur.com/L4R8j89.jpg,https://i.imgur.com/zmqH7VZ.jpg,https://i.imgur.com/hWt18cc.jpg,https://i.imgur.com/VemH6YA.jpg,INSTOCK,100,Drupum Men's Casual Slimming Long Sleeve Contrast Color Shirts,"This shirt is suitable for business, going out, party, dating, leisure and so on. Show your body, be a charming gentleman. <br><br>European size: S-XXL; <br>Fabric: polyester; <br>Sleeve: long sleeve; <br>Collar: turn-down collar; <br>Style: slimming. <br><br>Tips: 1, manual measurement, there are 1-3cm errors; <br>2, there is a little color difference due to different light, screen. Please pay attention. Thank you. Wish you a nice shopping!",S,Black,25.57,200,0,GBP
MKA218,MKA218-black-M,9159882046574,Drupum,Apparel & Accessories > Clothing > Shirts & Tops > Mens,https://i.imgur.com/L4R8j89.jpg,https://i.imgur.com/zmqH7VZ.jpg,https://i.imgur.com/hWt18cc.jpg,https://i.imgur.com/VemH6YA.jpg,INSTOCK,100,Drupum Men's Casual Slimming Long Sleeve Contrast Color Shirts,"This shirt is suitable for business, going out, party, dating, leisure and so on. Show your body, be a charming gentleman. <br><br>European size: S-XXL; <br>Fabric: polyester; <br>Sleeve: long sleeve; <br>Collar: turn-down collar; <br>Style: slimming. <br><br>Tips: 1, manual measurement, there are 1-3cm errors; <br>2, there is a little color difference due to different light, screen. Please pay attention. Thank you. Wish you a nice shopping!",M,Black,25.57,200,0,GBP
MKA218,MKA218-black-L,9159882046581,Drupum,Apparel & Accessories > Clothing > Shirts & Tops > Mens,https://i.imgur.com/L4R8j89.jpg,https://i.imgur.com/zmqH7VZ.jpg,https://i.imgur.com/hWt18cc.jpg,https://i.imgur.com/VemH6YA.jpg,INSTOCK,100,Drupum Men's Casual Slimming Long Sleeve Contrast Color Shirts,"This shirt is suitable for business, going out, party, dating, leisure and so on. Show your body, be a charming gentleman. <br><br>European size: S-XXL; <br>Fabric: polyester; <br>Sleeve: long sleeve; <br>Collar: turn-down collar; <br>Style: slimming. <br><br>Tips: 1, manual measurement, there are 1-3cm errors; <br>2, there is a little color difference due to different light, screen. Please pay attention. Thank you. Wish you a nice shopping!",L,Black,25.57,200,0,GBP
MKA218,MKA218-black-XL,9159882046598,Drupum,Apparel & Accessories > Clothing > Shirts & Tops > Mens,https://i.imgur.com/L4R8j89.jpg,https://i.imgur.com/zmqH7VZ.jpg,https://i.imgur.com/hWt18cc.jpg,https://i.imgur.com/VemH6YA.jpg,INSTOCK,100,Drupum Men's Casual Slimming Long Sleeve Contrast Color Shirts,"This shirt is suitable for business, going out, party, dating, leisure and so on. Show your body, be a charming gentleman. <br><br>European size: S-XXL; <br>Fabric: polyester; <br>Sleeve: long sleeve; <br>Collar: turn-down collar; <br>Style: slimming. <br><br>Tips: 1, manual measurement, there are 1-3cm errors; <br>2, there is a little color difference due to different light, screen. Please pay attention. Thank you. Wish you a nice shopping!",XL,Black,25.57,200,0,GBP
MKA218,MKA218-black-XXL,9159882046604,Drupum,Apparel & Accessories > Clothing > Shirts & Tops > Mens,https://i.imgur.com/L4R8j89.jpg,https://i.imgur.com/zmqH7VZ.jpg,https://i.imgur.com/hWt18cc.jpg,https://i.imgur.com/VemH6YA.jpg,INSTOCK,100,Drupum Men's Casual Slimming Long Sleeve Contrast Color Shirts,"This shirt is suitable for business, going out, party, dating, leisure and so on. Show your body, be a charming gentleman. <br><br>European size: S-XXL; <br>Fabric: polyester; <br>Sleeve: long sleeve; <br>Collar: turn-down collar; <br>Style: slimming. <br><br>Tips: 1, manual measurement, there are 1-3cm errors; <br>2, there is a little color difference due to different light, screen. Please pay attention. Thank you. Wish you a nice shopping!",XXL,Black,25.57,200,0,GBP
MKA218,MKA218-navy-S,9159882046611,Drupum,Apparel & Accessories > Clothing > Shirts & Tops > Mens,https://i.imgur.com/tKijZIV.jpg,https://i.imgur.com/zr1IdSQ.jpg,https://i.imgur.com/FPAtBW8.jpg,https://i.imgur.com/VemH6YA.jpg,INSTOCK,100,Drupum Men's Casual Slimming Long Sleeve Contrast Color Shirts,"This shirt is suitable for business, going out, party, dating, leisure and so on. Show your body, be a charming gentleman. <br><br>European size: S-XXL; <br>Fabric: polyester; <br>Sleeve: long sleeve; <br>Collar: turn-down collar; <br>Style: slimming. <br><br>Tips: 1, manual measurement, there are 1-3cm errors; <br>2, there is a little color difference due to different light, screen. Please pay attention. Thank you. Wish you a nice shopping!",S,Navy,25.57,200,0,GBP
MKA218,MKA218-navy-M,9159882046628,Drupum,Apparel & Accessories > Clothing > Shirts & Tops > Mens,https://i.imgur.com/tKijZIV.jpg,https://i.imgur.com/zr1IdSQ.jpg,https://i.imgur.com/FPAtBW8.jpg,https://i.imgur.com/VemH6YA.jpg,INSTOCK,100,Drupum Men's Casual Slimming Long Sleeve Contrast Color Shirts,"This shirt is suitable for business, going out, party, dating, leisure and so on. Show your body, be a charming gentleman. <br><br>European size: S-XXL; <br>Fabric: polyester; <br>Sleeve: long sleeve; <br>Collar: turn-down collar; <br>Style: slimming. <br><br>Tips: 1, manual measurement, there are 1-3cm errors; <br>2, there is a little color difference due to different light, screen. Please pay attention. Thank you. Wish you a nice shopping!",M,Navy,25.57,200,0,GBP
MKA218,MKA218-navy-L,9159882046635,Drupum,Apparel & Accessories > Clothing > Shirts & Tops > Mens,https://i.imgur.com/tKijZIV.jpg,https://i.imgur.com/zr1IdSQ.jpg,https://i.imgur.com/FPAtBW8.jpg,https://i.imgur.com/VemH6YA.jpg,INSTOCK,100,Drupum Men's Casual Slimming Long Sleeve Contrast Color Shirts,"This shirt is suitable for business, going out, party, dating, leisure and so on. Show your body, be a charming gentleman. <br><br>European size: S-XXL; <br>Fabric: polyester; <br>Sleeve: long sleeve; <br>Collar: turn-down collar; <br>Style: slimming. <br><br>Tips: 1, manual measurement, there are 1-3cm errors; <br>2, there is a little color difference due to different light, screen. Please pay attention. Thank you. Wish you a nice shopping!",L,Navy,25.57,200,0,GBP
MKA218,MKA218-navy-XL,9159882046642,Drupum,Apparel & Accessories > Clothing > Shirts & Tops > Mens,https://i.imgur.com/tKijZIV.jpg,https://i.imgur.com/zr1IdSQ.jpg,https://i.imgur.com/FPAtBW8.jpg,https://i.imgur.com/VemH6YA.jpg,INSTOCK,100,Drupum Men's Casual Slimming Long Sleeve Contrast Color Shirts,"This shirt is suitable for business, going out, party, dating, leisure and so on. Show your body, be a charming gentleman. <br><br>European size: S-XXL; <br>Fabric: polyester; <br>Sleeve: long sleeve; <br>Collar: turn-down collar; <br>Style: slimming. <br><br>Tips: 1, manual measurement, there are 1-3cm errors; <br>2, there is a little color difference due to different light, screen. Please pay attention. Thank you. Wish you a nice shopping!",XL,Navy,25.57,200,0,GBP
MKA218,MKA218-navy-XXL,9159882046659,Drupum,Apparel & Accessories > Clothing > Shirts & Tops > Mens,https://i.imgur.com/tKijZIV.jpg,https://i.imgur.com/zr1IdSQ.jpg,https://i.imgur.com/FPAtBW8.jpg,https://i.imgur.com/VemH6YA.jpg,INSTOCK,100,Drupum Men's Casual Slimming Long Sleeve Contrast Color Shirts,"This shirt is suitable for business, going out, party, dating, leisure and so on. Show your body, be a charming gentleman. <br><br>European size: S-XXL; <br>Fabric: polyester; <br>Sleeve: long sleeve; <br>Collar: turn-down collar; <br>Style: slimming. <br><br>Tips: 1, manual measurement, there are 1-3cm errors; <br>2, there is a little color difference due to different light, screen. Please pay attention. Thank you. Wish you a nice shopping!",XXL,Navy,25.57,200,0,GBP
MKA218,MKA218-red-S,9159882046666,Drupum,Apparel & Accessories > Clothing > Shirts & Tops > Mens,https://i.imgur.com/2NvHTAM.jpg,https://i.imgur.com/WzZnfA7.jpg,https://i.imgur.com/gKbqg0O.jpg,https://i.imgur.com/VemH6YA.jpg,INSTOCK,100,Drupum Men's Casual Slimming Long Sleeve Contrast Color Shirts,"This shirt is suitable for business, going out, party, dating, leisure and so on. Show your body, be a charming gentleman. <br><br>European size: S-XXL; <br>Fabric: polyester; <br>Sleeve: long sleeve; <br>Collar: turn-down collar; <br>Style: slimming. <br><br>Tips: 1, manual measurement, there are 1-3cm errors; <br>2, there is a little color difference due to different light, screen. Please pay attention. Thank you. Wish you a nice shopping!",S,Red,25.57,200,0,GBP
MKA218,MKA218-red-M,9159882046673,Drupum,Apparel & Accessories > Clothing > Shirts & Tops > Mens,https://i.imgur.com/2NvHTAM.jpg,https://i.imgur.com/WzZnfA7.jpg,https://i.imgur.com/gKbqg0O.jpg,https://i.imgur.com/VemH6YA.jpg,INSTOCK,100,Drupum Men's Casual Slimming Long Sleeve Contrast Color Shirts,"This shirt is suitable for business, going out, party, dating, leisure and so on. Show your body, be a charming gentleman. <br><br>European size: S-XXL; <br>Fabric: polyester; <br>Sleeve: long sleeve; <br>Collar: turn-down collar; <br>Style: slimming. <br><br>Tips: 1, manual measurement, there are 1-3cm errors; <br>2, there is a little color difference due to different light, screen. Please pay attention. Thank you. Wish you a nice shopping!",M,Red,25.57,200,0,GBP
MKA218,MKA218-red-L,9159882046680,Drupum,Apparel & Accessories > Clothing > Shirts & Tops > Mens,https://i.imgur.com/2NvHTAM.jpg,https://i.imgur.com/WzZnfA7.jpg,https://i.imgur.com/gKbqg0O.jpg,https://i.imgur.com/VemH6YA.jpg,INSTOCK,100,Drupum Men's Casual Slimming Long Sleeve Contrast Color Shirts,"This shirt is suitable for business, going out, party, dating, leisure and so on. Show your body, be a charming gentleman. <br><br>European size: S-XXL; <br>Fabric: polyester; <br>Sleeve: long sleeve; <br>Collar: turn-down collar; <br>Style: slimming. <br><br>Tips: 1, manual measurement, there are 1-3cm errors; <br>2, there is a little color difference due to different light, screen. Please pay attention. Thank you. Wish you a nice shopping!",L,Red,25.57,200,0,GBP
MKA218,MKA218-red-XL,9159882046697,Drupum,Apparel & Accessories > Clothing > Shirts & Tops > Mens,https://i.imgur.com/2NvHTAM.jpg,https://i.imgur.com/WzZnfA7.jpg,https://i.imgur.com/gKbqg0O.jpg,https://i.imgur.com/VemH6YA.jpg,INSTOCK,100,Drupum Men's Casual Slimming Long Sleeve Contrast Color Shirts,"This shirt is suitable for business, going out, party, dating, leisure and so on. Show your body, be a charming gentleman. <br><br>European size: S-XXL; <br>Fabric: polyester; <br>Sleeve: long sleeve; <br>Collar: turn-down collar; <br>Style: slimming. <br><br>Tips: 1, manual measurement, there are 1-3cm errors; <br>2, there is a little color difference due to different light, screen. Please pay attention. Thank you. Wish you a nice shopping!",XL,Red,25.57,200,0,GBP
MKA218,MKA218-red-XXL,9159882046703,Drupum,Apparel & Accessories > Clothing > Shirts & Tops > Mens,https://i.imgur.com/2NvHTAM.jpg,https://i.imgur.com/WzZnfA7.jpg,https://i.imgur.com/gKbqg0O.jpg,https://i.imgur.com/VemH6YA.jpg,INSTOCK,100,Drupum Men's Casual Slimming Long Sleeve Contrast Color Shirts,"This shirt is suitable for business, going out, party, dating, leisure and so on. Show your body, be a charming gentleman. <br><br>European size: S-XXL; <br>Fabric: polyester; <br>Sleeve: long sleeve; <br>Collar: turn-down collar; <br>Style: slimming. <br><br>Tips: 1, manual measurement, there are 1-3cm errors; <br>2, there is a little color difference due to different light, screen. Please pay attention. Thank you. Wish you a nice shopping!",XXL,Red,25.57,200,0,GBP
MKA218,MKA218-white-S,9159882046710,Drupum,Apparel & Accessories > Clothing > Shirts & Tops > Mens,https://i.imgur.com/MZwpoCu.jpg,https://i.imgur.com/Y11bfBK.jpg,https://i.imgur.com/mjiZqHt.jpg,https://i.imgur.com/VemH6YA.jpg,INSTOCK,100,Drupum Men's Casual Slimming Long Sleeve Contrast Color Shirts,"This shirt is suitable for business, going out, party, dating, leisure and so on. Show your body, be a charming gentleman. <br><br>European size: S-XXL; <br>Fabric: polyester; <br>Sleeve: long sleeve; <br>Collar: turn-down collar; <br>Style: slimming. <br><br>Tips: 1, manual measurement, there are 1-3cm errors; <br>2, there is a little color difference due to different light, screen. Please pay attention. Thank you. Wish you a nice shopping!",S,White,25.57,200,0,GBP
MKA218,MKA218-white-M,9159882046727,Drupum,Apparel & Accessories > Clothing > Shirts & Tops > Mens,https://i.imgur.com/MZwpoCu.jpg,https://i.imgur.com/Y11bfBK.jpg,https://i.imgur.com/mjiZqHt.jpg,https://i.imgur.com/VemH6YA.jpg,INSTOCK,100,Drupum Men's Casual Slimming Long Sleeve Contrast Color Shirts,"This shirt is suitable for business, going out, party, dating, leisure and so on. Show your body, be a charming gentleman. <br><br>European size: S-XXL; <br>Fabric: polyester; <br>Sleeve: long sleeve; <br>Collar: turn-down collar; <br>Style: slimming. <br><br>Tips: 1, manual measurement, there are 1-3cm errors; <br>2, there is a little color difference due to different light, screen. Please pay attention. Thank you. Wish you a nice shopping!",M,White,25.57,200,0,GBP
MKA218,MKA218-white-L,9159882046734,Drupum,Apparel & Accessories > Clothing > Shirts & Tops > Mens,https://i.imgur.com/MZwpoCu.jpg,https://i.imgur.com/Y11bfBK.jpg,https://i.imgur.com/mjiZqHt.jpg,https://i.imgur.com/VemH6YA.jpg,INSTOCK,100,Drupum Men's Casual Slimming Long Sleeve Contrast Color Shirts,"This shirt is suitable for business, going out, party, dating, leisure and so on. Show your body, be a charming gentleman. <br><br>European size: S-XXL; <br>Fabric: polyester; <br>Sleeve: long sleeve; <br>Collar: turn-down collar; <br>Style: slimming. <br><br>Tips: 1, manual measurement, there are 1-3cm errors; <br>2, there is a little color difference due to different light, screen. Please pay attention. Thank you. Wish you a nice shopping!",L,White,25.57,200,0,GBP
MKA218,MKA218-white-XL,9159882046741,Drupum,Apparel & Accessories > Clothing > Shirts & Tops > Mens,https://i.imgur.com/MZwpoCu.jpg,https://i.imgur.com/Y11bfBK.jpg,https://i.imgur.com/mjiZqHt.jpg,https://i.imgur.com/VemH6YA.jpg,INSTOCK,100,Drupum Men's Casual Slimming Long Sleeve Contrast Color Shirts,"This shirt is suitable for business, going out, party, dating, leisure and so on. Show your body, be a charming gentleman. <br><br>European size: S-XXL; <br>Fabric: polyester; <br>Sleeve: long sleeve; <br>Collar: turn-down collar; <br>Style: slimming. <br><br>Tips: 1, manual measurement, there are 1-3cm errors; <br>2, there is a little color difference due to different light, screen. Please pay attention. Thank you. Wish you a nice shopping!",XL,White,25.57,200,0,GBP
MKA218,MKA218-white-XXL,9159882046758,Drupum,Apparel & Accessories > Clothing > Shirts & Tops > Mens,https://i.imgur.com/MZwpoCu.jpg,https://i.imgur.com/Y11bfBK.jpg,https://i.imgur.com/mjiZqHt.jpg,https://i.imgur.com/VemH6YA.jpg,INSTOCK,100,Drupum Men's Casual Slimming Long Sleeve Contrast Color Shirts,"This shirt is suitable for business, going out, party, dating, leisure and so on. Show your body, be a charming gentleman. <br><br>European size: S-XXL; <br>Fabric: polyester; <br>Sleeve: long sleeve; <br>Collar: turn-down collar; <br>Style: slimming. <br><br>Tips: 1, manual measurement, there are 1-3cm errors; <br>2, there is a little color difference due to different light, screen. Please pay attention. Thank you. Wish you a nice shopping!",XXL,White,25.57,200,0,GBP
MKA223,MKA223-black-S,9159882046765,Drupum,Apparel & Accessories > Clothing > Shirts & Tops > Mens,https://i.imgur.com/P7yRghT.jpg,https://i.imgur.com/Dr5zCp8.jpg,https://i.imgur.com/zv3WyIK.jpg,https://i.imgur.com/VemH6YA.jpg,INSTOCK,100,Drupum Men's Leisure Plaid Slimming Long Sleeve Button Shirt,"This shirt is suitable for business, going out, party, dating, leisure and so on. Show your body, be a charming gentleman. <br><br>European size: S-XXL; <br>Fabric: polyester; <br>Sleeve: long sleeve; <br>Collar: turn-down collar; <br>Style: slimming. <br><br>Tips: 1, manual measurement, there are 1-3cm errors; <br>2, there is a little color difference due to different light, screen. Please pay attention. Thank you. Wish you a nice shopping!",S,Black,25.57,200,0,GBP
MKA223,MKA223-black-M,9159882046772,Drupum,Apparel & Accessories > Clothing > Shirts & Tops > Mens,https://i.imgur.com/P7yRghT.jpg,https://i.imgur.com/Dr5zCp8.jpg,https://i.imgur.com/zv3WyIK.jpg,https://i.imgur.com/VemH6YA.jpg,INSTOCK,100,Drupum Men's Leisure Plaid Slimming Long Sleeve Button Shirt,"This shirt is suitable for business, going out, party, dating, leisure and so on. Show your body, be a charming gentleman. <br><br>European size: S-XXL; <br>Fabric: polyester; <br>Sleeve: long sleeve; <br>Collar: turn-down collar; <br>Style: slimming. <br><br>Tips: 1, manual measurement, there are 1-3cm errors; <br>2, there is a little color difference due to different light, screen. Please pay attention. Thank you. Wish you a nice shopping!",M,Black,25.57,200,0,GBP
MKA223,MKA223-black-L,9159882046789,Drupum,Apparel & Accessories > Clothing > Shirts & Tops > Mens,https://i.imgur.com/P7yRghT.jpg,https://i.imgur.com/Dr5zCp8.jpg,https://i.imgur.com/zv3WyIK.jpg,https://i.imgur.com/VemH6YA.jpg,INSTOCK,100,Drupum Men's Leisure Plaid Slimming Long Sleeve Button Shirt,"This shirt is suitable for business, going out, party, dating, leisure and so on. Show your body, be a charming gentleman. <br><br>European size: S-XXL; <br>Fabric: polyester; <br>Sleeve: long sleeve; <br>Collar: turn-down collar; <br>Style: slimming. <br><br>Tips: 1, manual measurement, there are 1-3cm errors; <br>2, there is a little color difference due to different light, screen. Please pay attention. Thank you. Wish you a nice shopping!",L,Black,25.57,200,0,GBP
MKA223,MKA223-black-XL,9159882046796,Drupum,Apparel & Accessories > Clothing > Shirts & Tops > Mens,https://i.imgur.com/P7yRghT.jpg,https://i.imgur.com/Dr5zCp8.jpg,https://i.imgur.com/zv3WyIK.jpg,https://i.imgur.com/VemH6YA.jpg,INSTOCK,100,Drupum Men's Leisure Plaid Slimming Long Sleeve Button Shirt,"This shirt is suitable for business, going out, party, dating, leisure and so on. Show your body, be a charming gentleman. <br><br>European size: S-XXL; <br>Fabric: polyester; <br>Sleeve: long sleeve; <br>Collar: turn-down collar; <br>Style: slimming. <br><br>Tips: 1, manual measurement, there are 1-3cm errors; <br>2, there is a little color difference due to different light, screen. Please pay attention. Thank you. Wish you a nice shopping!",XL,Black,25.57,200,0,GBP
MKA223,MKA223-black-XXL,9159882046802,Drupum,Apparel & Accessories > Clothing > Shirts & Tops > Mens,https://i.imgur.com/P7yRghT.jpg,https://i.imgur.com/Dr5zCp8.jpg,https://i.imgur.com/zv3WyIK.jpg,https://i.imgur.com/VemH6YA.jpg,INSTOCK,100,Drupum Men's Leisure Plaid Slimming Long Sleeve Button Shirt,"This shirt is suitable for business, going out, party, dating, leisure and so on. Show your body, be a charming gentleman. <br><br>European size: S-XXL; <br>Fabric: polyester; <br>Sleeve: long sleeve; <br>Collar: turn-down collar; <br>Style: slimming. <br><br>Tips: 1, manual measurement, there are 1-3cm errors; <br>2, there is a little color difference due to different light, screen. Please pay attention. Thank you. Wish you a nice shopping!",XXL,Black,25.57,200,0,GBP
MKA223,MKA223-navy-S,9159882046819,Drupum,Apparel & Accessories > Clothing > Shirts & Tops > Mens,https://i.imgur.com/jrH3kG7.jpg,https://i.imgur.com/muUY1fp.jpg,https://i.imgur.com/jbVhodD.jpg,https://i.imgur.com/VemH6YA.jpg,INSTOCK,100,Drupum Men's Leisure Plaid Slimming Long Sleeve Button Shirt,"This shirt is suitable for business, going out, party, dating, leisure and so on. Show your body, be a charming gentleman. <br><br>European size: S-XXL; <br>Fabric: polyester; <br>Sleeve: long sleeve; <br>Collar: turn-down collar; <br>Style: slimming. <br><br>Tips: 1, manual measurement, there are 1-3cm errors; <br>2, there is a little color difference due to different light, screen. Please pay attention. Thank you. Wish you a nice shopping!",S,Navy,25.57,200,0,GBP
MKA223,MKA223-navy-M,9159882046826,Drupum,Apparel & Accessories > Clothing > Shirts & Tops > Mens,https://i.imgur.com/jrH3kG7.jpg,https://i.imgur.com/muUY1fp.jpg,https://i.imgur.com/jbVhodD.jpg,https://i.imgur.com/VemH6YA.jpg,INSTOCK,100,Drupum Men's Leisure Plaid Slimming Long Sleeve Button Shirt,"This shirt is suitable for business, going out, party, dating, leisure and so on. Show your body, be a charming gentleman. <br><br>European size: S-XXL; <br>Fabric: polyester; <br>Sleeve: long sleeve; <br>Collar: turn-down collar; <br>Style: slimming. <br><br>Tips: 1, manual measurement, there are 1-3cm errors; <br>2, there is a little color difference due to different light, screen. Please pay attention. Thank you. Wish you a nice shopping!",M,Navy,25.57,200,0,GBP
MKA223,MKA223-navy-L,9159882046833,Drupum,Apparel & Accessories > Clothing > Shirts & Tops > Mens,https://i.imgur.com/jrH3kG7.jpg,https://i.imgur.com/muUY1fp.jpg,https://i.imgur.com/jbVhodD.jpg,https://i.imgur.com/VemH6YA.jpg,INSTOCK,100,Drupum Men's Leisure Plaid Slimming Long Sleeve Button Shirt,"This shirt is suitable for business, going out, party, dating, leisure and so on. Show your body, be a charming gentleman. <br><br>European size: S-XXL; <br>Fabric: polyester; <br>Sleeve: long sleeve; <br>Collar: turn-down collar; <br>Style: slimming. <br><br>Tips: 1, manual measurement, there are 1-3cm errors; <br>2, there is a little color difference due to different light, screen. Please pay attention. Thank you. Wish you a nice shopping!",L,Navy,25.57,200,0,GBP
MKA223,MKA223-navy-XL,9159882046840,Drupum,Apparel & Accessories > Clothing > Shirts & Tops > Mens,https://i.imgur.com/jrH3kG7.jpg,https://i.imgur.com/muUY1fp.jpg,https://i.imgur.com/jbVhodD.jpg,https://i.imgur.com/VemH6YA.jpg,INSTOCK,100,Drupum Men's Leisure Plaid Slimming Long Sleeve Button Shirt,"This shirt is suitable for business, going out, party, dating, leisure and so on. Show your body, be a charming gentleman. <br><br>European size: S-XXL; <br>Fabric: polyester; <br>Sleeve: long sleeve; <br>Collar: turn-down collar; <br>Style: slimming. <br><br>Tips: 1, manual measurement, there are 1-3cm errors; <br>2, there is a little color difference due to different light, screen. Please pay attention. Thank you. Wish you a nice shopping!",XL,Navy,25.57,200,0,GBP
MKA223,MKA223-navy-XXL,9159882046857,Drupum,Apparel & Accessories > Clothing > Shirts & Tops > Mens,https://i.imgur.com/jrH3kG7.jpg,https://i.imgur.com/muUY1fp.jpg,https://i.imgur.com/jbVhodD.jpg,https://i.imgur.com/VemH6YA.jpg,INSTOCK,100,Drupum Men's Leisure Plaid Slimming Long Sleeve Button Shirt,"This shirt is suitable for business, going out, party, dating, leisure and so on. Show your body, be a charming gentleman. <br><br>European size: S-XXL; <br>Fabric: polyester; <br>Sleeve: long sleeve; <br>Collar: turn-down collar; <br>Style: slimming. <br><br>Tips: 1, manual measurement, there are 1-3cm errors; <br>2, there is a little color difference due to different light, screen. Please pay attention. Thank you. Wish you a nice shopping!",XXL,Navy,25.57,200,0,GBP
MKA223,MKA223-red-S,9159882046864,Drupum,Apparel & Accessories > Clothing > Shirts & Tops > Mens,https://i.imgur.com/R2kAfAx.jpg,https://i.imgur.com/FZ2iinC.jpg,https://i.imgur.com/u2yzC8i.jpg,https://i.imgur.com/VemH6YA.jpg,INSTOCK,100,Drupum Men's Leisure Plaid Slimming Long Sleeve Button Shirt,"This shirt is suitable for business, going out, party, dating, leisure and so on. Show your body, be a charming gentleman. <br><br>European size: S-XXL; <br>Fabric: polyester; <br>Sleeve: long sleeve; <br>Collar: turn-down collar; <br>Style: slimming. <br><br>Tips: 1, manual measurement, there are 1-3cm errors; <br>2, there is a little color difference due to different light, screen. Please pay attention. Thank you. Wish you a nice shopping!",S,Red,25.57,200,0,GBP
MKA223,MKA223-red-M,9159882046871,Drupum,Apparel & Accessories > Clothing > Shirts & Tops > Mens,https://i.imgur.com/R2kAfAx.jpg,https://i.imgur.com/FZ2iinC.jpg,https://i.imgur.com/u2yzC8i.jpg,https://i.imgur.com/VemH6YA.jpg,INSTOCK,100,Drupum Men's Leisure Plaid Slimming Long Sleeve Button Shirt,"This shirt is suitable for business, going out, party, dating, leisure and so on. Show your body, be a charming gentleman. <br><br>European size: S-XXL; <br>Fabric: polyester; <br>Sleeve: long sleeve; <br>Collar: turn-down collar; <br>Style: slimming. <br><br>Tips: 1, manual measurement, there are 1-3cm errors; <br>2, there is a little color difference due to different light, screen. Please pay attention. Thank you. Wish you a nice shopping!",M,Red,25.57,200,0,GBP
MKA223,MKA223-red-L,9159882046888,Drupum,Apparel & Accessories > Clothing > Shirts & Tops > Mens,https://i.imgur.com/R2kAfAx.jpg,https://i.imgur.com/FZ2iinC.jpg,https://i.imgur.com/u2yzC8i.jpg,https://i.imgur.com/VemH6YA.jpg,INSTOCK,100,Drupum Men's Leisure Plaid Slimming Long Sleeve Button Shirt,"This shirt is suitable for business, going out, party, dating, leisure and so on. Show your body, be a charming gentleman. <br><br>European size: S-XXL; <br>Fabric: polyester; <br>Sleeve: long sleeve; <br>Collar: turn-down collar; <br>Style: slimming. <br><br>Tips: 1, manual measurement, there are 1-3cm errors; <br>2, there is a little color difference due to different light, screen. Please pay attention. Thank you. Wish you a nice shopping!",L,Red,25.57,200,0,GBP
MKA223,MKA223-red-XL,9159882046895,Drupum,Apparel & Accessories > Clothing > Shirts & Tops > Mens,https://i.imgur.com/R2kAfAx.jpg,https://i.imgur.com/FZ2iinC.jpg,https://i.imgur.com/u2yzC8i.jpg,https://i.imgur.com/VemH6YA.jpg,INSTOCK,100,Drupum Men's Leisure Plaid Slimming Long Sleeve Button Shirt,"This shirt is suitable for business, going out, party, dating, leisure and so on. Show your body, be a charming gentleman. <br><br>European size: S-XXL; <br>Fabric: polyester; <br>Sleeve: long sleeve; <br>Collar: turn-down collar; <br>Style: slimming. <br><br>Tips: 1, manual measurement, there are 1-3cm errors; <br>2, there is a little color difference due to different light, screen. Please pay attention. Thank you. Wish you a nice shopping!",XL,Red,25.57,200,0,GBP
MKA223,MKA223-red-XXL,9159882046901,Drupum,Apparel & Accessories > Clothing > Shirts & Tops > Mens,https://i.imgur.com/R2kAfAx.jpg,https://i.imgur.com/FZ2iinC.jpg,https://i.imgur.com/u2yzC8i.jpg,https://i.imgur.com/VemH6YA.jpg,INSTOCK,100,Drupum Men's Leisure Plaid Slimming Long Sleeve Button Shirt,"This shirt is suitable for business, going out, party, dating, leisure and so on. Show your body, be a charming gentleman. <br><br>European size: S-XXL; <br>Fabric: polyester; <br>Sleeve: long sleeve; <br>Collar: turn-down collar; <br>Style: slimming. <br><br>Tips: 1, manual measurement, there are 1-3cm errors; <br>2, there is a little color difference due to different light, screen. Please pay attention. Thank you. Wish you a nice shopping!",XXL,Red,25.57,200,0,GBP
MKA223,MKA223-white-S,9159882046918,Drupum,Apparel & Accessories > Clothing > Shirts & Tops > Mens,https://i.imgur.com/de7xcqo.jpg,https://i.imgur.com/OcXWxla.jpg,https://i.imgur.com/1zIW1a5.jpg,https://i.imgur.com/VemH6YA.jpg,INSTOCK,100,Drupum Men's Leisure Plaid Slimming Long Sleeve Button Shirt,"This shirt is suitable for business, going out, party, dating, leisure and so on. Show your body, be a charming gentleman. <br><br>European size: S-XXL; <br>Fabric: polyester; <br>Sleeve: long sleeve; <br>Collar: turn-down collar; <br>Style: slimming. <br><br>Tips: 1, manual measurement, there are 1-3cm errors; <br>2, there is a little color difference due to different light, screen. Please pay attention. Thank you. Wish you a nice shopping!",S,White,25.57,200,0,GBP
MKA223,MKA223-white-M,9159882046925,Drupum,Apparel & Accessories > Clothing > Shirts & Tops > Mens,https://i.imgur.com/de7xcqo.jpg,https://i.imgur.com/OcXWxla.jpg,https://i.imgur.com/1zIW1a5.jpg,https://i.imgur.com/VemH6YA.jpg,INSTOCK,100,Drupum Men's Leisure Plaid Slimming Long Sleeve Button Shirt,"This shirt is suitable for business, going out, party, dating, leisure and so on. Show your body, be a charming gentleman. <br><br>European size: S-XXL; <br>Fabric: polyester; <br>Sleeve: long sleeve; <br>Collar: turn-down collar; <br>Style: slimming. <br><br>Tips: 1, manual measurement, there are 1-3cm errors; <br>2, there is a little color difference due to different light, screen. Please pay attention. Thank you. Wish you a nice shopping!",M,White,25.57,200,0,GBP
MKA223,MKA223-white-L,9159882046932,Drupum,Apparel & Accessories > Clothing > Shirts & Tops > Mens,https://i.imgur.com/de7xcqo.jpg,https://i.imgur.com/OcXWxla.jpg,https://i.imgur.com/1zIW1a5.jpg,https://i.imgur.com/VemH6YA.jpg,INSTOCK,100,Drupum Men's Leisure Plaid Slimming Long Sleeve Button Shirt,"This shirt is suitable for business, going out, party, dating, leisure and so on. Show your body, be a charming gentleman. <br><br>European size: S-XXL; <br>Fabric: polyester; <br>Sleeve: long sleeve; <br>Collar: turn-down collar; <br>Style: slimming. <br><br>Tips: 1, manual measurement, there are 1-3cm errors; <br>2, there is a little color difference due to different light, screen. Please pay attention. Thank you. Wish you a nice shopping!",L,White,25.57,200,0,GBP
MKA223,MKA223-white-XL,9159882046949,Drupum,Apparel & Accessories > Clothing > Shirts & Tops > Mens,https://i.imgur.com/de7xcqo.jpg,https://i.imgur.com/OcXWxla.jpg,https://i.imgur.com/1zIW1a5.jpg,https://i.imgur.com/VemH6YA.jpg,INSTOCK,100,Drupum Men's Leisure Plaid Slimming Long Sleeve Button Shirt,"This shirt is suitable for business, going out, party, dating, leisure and so on. Show your body, be a charming gentleman. <br><br>European size: S-XXL; <br>Fabric: polyester; <br>Sleeve: long sleeve; <br>Collar: turn-down collar; <br>Style: slimming. <br><br>Tips: 1, manual measurement, there are 1-3cm errors; <br>2, there is a little color difference due to different light, screen. Please pay attention. Thank you. Wish you a nice shopping!",XL,White,25.57,200,0,GBP
MKA223,MKA223-white-XXL,9159882046956,Drupum,Apparel & Accessories > Clothing > Shirts & Tops > Mens,https://i.imgur.com/de7xcqo.jpg,https://i.imgur.com/OcXWxla.jpg,https://i.imgur.com/1zIW1a5.jpg,https://i.imgur.com/VemH6YA.jpg,INSTOCK,100,Drupum Men's Leisure Plaid Slimming Long Sleeve Button Shirt,"This shirt is suitable for business, going out, party, dating, leisure and so on. Show your body, be a charming gentleman. <br><br>European size: S-XXL; <br>Fabric: polyester; <br>Sleeve: long sleeve; <br>Collar: turn-down collar; <br>Style: slimming. <br><br>Tips: 1, manual measurement, there are 1-3cm errors; <br>2, there is a little color difference due to different light, screen. Please pay attention. Thank you. Wish you a nice shopping!",XXL,White,25.57,200,0,GBP
MKA224,MKA224-black-S,9159882046963,Drupum,Apparel & Accessories > Clothing > Shirts & Tops > Mens,https://i.imgur.com/zcWsjDj.jpg,https://i.imgur.com/UXn4fS5.jpg,https://i.imgur.com/n4Y1LMK.jpg,https://i.imgur.com/VemH6YA.jpg,INSTOCK,100,Drupum Button Contrast Color Shirt Slimming Casual Clothing for Men,"This shirt is suitable for business, going out, party, dating, leisure and so on. Show your body, be a charming gentleman. <br><br>European size: S-XXL; <br>Fabric: polyester; <br>Sleeve: long sleeve; <br>Collar: turn-down collar; <br>Style: slimming. <br><br>Tips: 1, manual measurement, there are 1-3cm errors; <br>2, there is a little color difference due to different light, screen. Please pay attention. Thank you. Wish you a nice shopping!",S,Black,25.57,200,0,GBP
MKA224,MKA224-black-M,9159882046970,Drupum,Apparel & Accessories > Clothing > Shirts & Tops > Mens,https://i.imgur.com/zcWsjDj.jpg,https://i.imgur.com/UXn4fS5.jpg,https://i.imgur.com/n4Y1LMK.jpg,https://i.imgur.com/VemH6YA.jpg,INSTOCK,100,Drupum Button Contrast Color Shirt Slimming Casual Clothing for Men,"This shirt is suitable for business, going out, party, dating, leisure and so on. Show your body, be a charming gentleman. <br><br>European size: S-XXL; <br>Fabric: polyester; <br>Sleeve: long sleeve; <br>Collar: turn-down collar; <br>Style: slimming. <br><br>Tips: 1, manual measurement, there are 1-3cm errors; <br>2, there is a little color difference due to different light, screen. Please pay attention. Thank you. Wish you a nice shopping!",M,Black,25.57,200,0,GBP
MKA224,MKA224-black-L,9159882046987,Drupum,Apparel & Accessories > Clothing > Shirts & Tops > Mens,https://i.imgur.com/zcWsjDj.jpg,https://i.imgur.com/UXn4fS5.jpg,https://i.imgur.com/n4Y1LMK.jpg,https://i.imgur.com/VemH6YA.jpg,INSTOCK,100,Drupum Button Contrast Color Shirt Slimming Casual Clothing for Men,"This shirt is suitable for business, going out, party, dating, leisure and so on. Show your body, be a charming gentleman. <br><br>European size: S-XXL; <br>Fabric: polyester; <br>Sleeve: long sleeve; <br>Collar: turn-down collar; <br>Style: slimming. <br><br>Tips: 1, manual measurement, there are 1-3cm errors; <br>2, there is a little color difference due to different light, screen. Please pay attention. Thank you. Wish you a nice shopping!",L,Black,25.57,200,0,GBP
MKA224,MKA224-black-XL,9159882046994,Drupum,Apparel & Accessories > Clothing > Shirts & Tops > Mens,https://i.imgur.com/zcWsjDj.jpg,https://i.imgur.com/UXn4fS5.jpg,https://i.imgur.com/n4Y1LMK.jpg,https://i.imgur.com/VemH6YA.jpg,INSTOCK,100,Drupum Button Contrast Color Shirt Slimming Casual Clothing for Men,"This shirt is suitable for business, going out, party, dating, leisure and so on. Show your body, be a charming gentleman. <br><br>European size: S-XXL; <br>Fabric: polyester; <br>Sleeve: long sleeve; <br>Collar: turn-down collar; <br>Style: slimming. <br><br>Tips: 1, manual measurement, there are 1-3cm errors; <br>2, there is a little color difference due to different light, screen. Please pay attention. Thank you. Wish you a nice shopping!",XL,Black,25.57,200,0,GBP
MKA224,MKA224-black-XXL,9159882047007,Drupum,Apparel & Accessories > Clothing > Shirts & Tops > Mens,https://i.imgur.com/zcWsjDj.jpg,https://i.imgur.com/UXn4fS5.jpg,https://i.imgur.com/n4Y1LMK.jpg,https://i.imgur.com/VemH6YA.jpg,INSTOCK,100,Drupum Button Contrast Color Shirt Slimming Casual Clothing for Men,"This shirt is suitable for business, going out, party, dating, leisure and so on. Show your body, be a charming gentleman. <br><br>European size: S-XXL; <br>Fabric: polyester; <br>Sleeve: long sleeve; <br>Collar: turn-down collar; <br>Style: slimming. <br><br>Tips: 1, manual measurement, there are 1-3cm errors; <br>2, there is a little color difference due to different light, screen. Please pay attention. Thank you. Wish you a nice shopping!",XXL,Black,25.57,200,0,GBP
MKA224,MKA224-navy-S,9159882047014,Drupum,Apparel & Accessories > Clothing > Shirts & Tops > Mens,https://i.imgur.com/4HmZ4qJ.jpg,https://i.imgur.com/YnKApBi.jpg,https://i.imgur.com/N45g9oU.jpg,https://i.imgur.com/VemH6YA.jpg,INSTOCK,100,Drupum Button Contrast Color Shirt Slimming Casual Clothing for Men,"This shirt is suitable for business, going out, party, dating, leisure and so on. Show your body, be a charming gentleman. <br><br>European size: S-XXL; <br>Fabric: polyester; <br>Sleeve: long sleeve; <br>Collar: turn-down collar; <br>Style: slimming. <br><br>Tips: 1, manual measurement, there are 1-3cm errors; <br>2, there is a little color difference due to different light, screen. Please pay attention. Thank you. Wish you a nice shopping!",S,Navy,25.57,200,0,GBP
MKA224,MKA224-navy-M,9159882047021,Drupum,Apparel & Accessories > Clothing > Shirts & Tops > Mens,https://i.imgur.com/4HmZ4qJ.jpg,https://i.imgur.com/YnKApBi.jpg,https://i.imgur.com/N45g9oU.jpg,https://i.imgur.com/VemH6YA.jpg,INSTOCK,100,Drupum Button Contrast Color Shirt Slimming Casual Clothing for Men,"This shirt is suitable for business, going out, party, dating, leisure and so on. Show your body, be a charming gentleman. <br><br>European size: S-XXL; <br>Fabric: polyester; <br>Sleeve: long sleeve; <br>Collar: turn-down collar; <br>Style: slimming. <br><br>Tips: 1, manual measurement, there are 1-3cm errors; <br>2, there is a little color difference due to different light, screen. Please pay attention. Thank you. Wish you a nice shopping!",M,Navy,25.57,200,0,GBP
MKA224,MKA224-navy-L,9159882047038,Drupum,Apparel & Accessories > Clothing > Shirts & Tops > Mens,https://i.imgur.com/4HmZ4qJ.jpg,https://i.imgur.com/YnKApBi.jpg,https://i.imgur.com/N45g9oU.jpg,https://i.imgur.com/VemH6YA.jpg,INSTOCK,100,Drupum Button Contrast Color Shirt Slimming Casual Clothing for Men,"This shirt is suitable for business, going out, party, dating, leisure and so on. Show your body, be a charming gentleman. <br><br>European size: S-XXL; <br>Fabric: polyester; <br>Sleeve: long sleeve; <br>Collar: turn-down collar; <br>Style: slimming. <br><br>Tips: 1, manual measurement, there are 1-3cm errors; <br>2, there is a little color difference due to different light, screen. Please pay attention. Thank you. Wish you a nice shopping!",L,Navy,25.57,200,0,GBP
MKA224,MKA224-navy-XL,9159882047045,Drupum,Apparel & Accessories > Clothing > Shirts & Tops > Mens,https://i.imgur.com/4HmZ4qJ.jpg,https://i.imgur.com/YnKApBi.jpg,https://i.imgur.com/N45g9oU.jpg,https://i.imgur.com/VemH6YA.jpg,INSTOCK,100,Drupum Button Contrast Color Shirt Slimming Casual Clothing for Men,"This shirt is suitable for business, going out, party, dating, leisure and so on. Show your body, be a charming gentleman. <br><br>European size: S-XXL; <br>Fabric: polyester; <br>Sleeve: long sleeve; <br>Collar: turn-down collar; <br>Style: slimming. <br><br>Tips: 1, manual measurement, there are 1-3cm errors; <br>2, there is a little color difference due to different light, screen. Please pay attention. Thank you. Wish you a nice shopping!",XL,Navy,25.57,200,0,GBP
MKA224,MKA224-navy-XXL,9159882047052,Drupum,Apparel & Accessories > Clothing > Shirts & Tops > Mens,https://i.imgur.com/4HmZ4qJ.jpg,https://i.imgur.com/YnKApBi.jpg,https://i.imgur.com/N45g9oU.jpg,https://i.imgur.com/VemH6YA.jpg,INSTOCK,100,Drupum Button Contrast Color Shirt Slimming Casual Clothing for Men,"This shirt is suitable for business, going out, party, dating, leisure and so on. Show your body, be a charming gentleman. <br><br>European size: S-XXL; <br>Fabric: polyester; <br>Sleeve: long sleeve; <br>Collar: turn-down collar; <br>Style: slimming. <br><br>Tips: 1, manual measurement, there are 1-3cm errors; <br>2, there is a little color difference due to different light, screen. Please pay attention. Thank you. Wish you a nice shopping!",XXL,Navy,25.57,200,0,GBP
MKA224,MKA224-white-S,9159882047069,Drupum,Apparel & Accessories > Clothing > Shirts & Tops > Mens,https://i.imgur.com/YQVO1ii.jpg,https://i.imgur.com/A8hYvIU.jpg,https://i.imgur.com/v35r8KM.jpg,https://i.imgur.com/VemH6YA.jpg,INSTOCK,100,Drupum Button Contrast Color Shirt Slimming Casual Clothing for Men,"This shirt is suitable for business, going out, party, dating, leisure and so on. Show your body, be a charming gentleman. <br><br>European size: S-XXL; <br>Fabric: polyester; <br>Sleeve: long sleeve; <br>Collar: turn-down collar; <br>Style: slimming. <br><br>Tips: 1, manual measurement, there are 1-3cm errors; <br>2, there is a little color difference due to different light, screen. Please pay attention. Thank you. Wish you a nice shopping!",S,White,25.57,200,0,GBP
MKA224,MKA224-white-M,9159882047076,Drupum,Apparel & Accessories > Clothing > Shirts & Tops > Mens,https://i.imgur.com/YQVO1ii.jpg,https://i.imgur.com/A8hYvIU.jpg,https://i.imgur.com/v35r8KM.jpg,https://i.imgur.com/VemH6YA.jpg,INSTOCK,100,Drupum Button Contrast Color Shirt Slimming Casual Clothing for Men,"This shirt is suitable for business, going out, party, dating, leisure and so on. Show your body, be a charming gentleman. <br><br>European size: S-XXL; <br>Fabric: polyester; <br>Sleeve: long sleeve; <br>Collar: turn-down collar; <br>Style: slimming. <br><br>Tips: 1, manual measurement, there are 1-3cm errors; <br>2, there is a little color difference due to different light, screen. Please pay attention. Thank you. Wish you a nice shopping!",M,White,25.57,200,0,GBP
MKA224,MKA224-white-L,9159882047083,Drupum,Apparel & Accessories > Clothing > Shirts & Tops > Mens,https://i.imgur.com/YQVO1ii.jpg,https://i.imgur.com/A8hYvIU.jpg,https://i.imgur.com/v35r8KM.jpg,https://i.imgur.com/VemH6YA.jpg,INSTOCK,100,Drupum Button Contrast Color Shirt Slimming Casual Clothing for Men,"This shirt is suitable for business, going out, party, dating, leisure and so on. Show your body, be a charming gentleman. <br><br>European size: S-XXL; <br>Fabric: polyester; <br>Sleeve: long sleeve; <br>Collar: turn-down collar; <br>Style: slimming. <br><br>Tips: 1, manual measurement, there are 1-3cm errors; <br>2, there is a little color difference due to different light, screen. Please pay attention. Thank you. Wish you a nice shopping!",L,White,25.57,200,0,GBP
MKA224,MKA224-white-XL,9159882047090,Drupum,Apparel & Accessories > Clothing > Shirts & Tops > Mens,https://i.imgur.com/YQVO1ii.jpg,https://i.imgur.com/A8hYvIU.jpg,https://i.imgur.com/v35r8KM.jpg,https://i.imgur.com/VemH6YA.jpg,INSTOCK,100,Drupum Button Contrast Color Shirt Slimming Casual Clothing for Men,"This shirt is suitable for business, going out, party, dating, leisure and so on. Show your body, be a charming gentleman. <br><br>European size: S-XXL; <br>Fabric: polyester; <br>Sleeve: long sleeve; <br>Collar: turn-down collar; <br>Style: slimming. <br><br>Tips: 1, manual measurement, there are 1-3cm errors; <br>2, there is a little color difference due to different light, screen. Please pay attention. Thank you. Wish you a nice shopping!",XL,White,25.57,200,0,GBP
MKA224,MKA224-white-XXL,9159882047106,Drupum,Apparel & Accessories > Clothing > Shirts & Tops > Mens,https://i.imgur.com/YQVO1ii.jpg,https://i.imgur.com/A8hYvIU.jpg,https://i.imgur.com/v35r8KM.jpg,https://i.imgur.com/VemH6YA.jpg,INSTOCK,100,Drupum Button Contrast Color Shirt Slimming Casual Clothing for Men,"This shirt is suitable for business, going out, party, dating, leisure and so on. Show your body, be a charming gentleman. <br><br>European size: S-XXL; <br>Fabric: polyester; <br>Sleeve: long sleeve; <br>Collar: turn-down collar; <br>Style: slimming. <br><br>Tips: 1, manual measurement, there are 1-3cm errors; <br>2, there is a little color difference due to different light, screen. Please pay attention. Thank you. Wish you a nice shopping!",XXL,White,25.57,200,0,GBP
MKA225,MKA225-black-S,9159882047113,Drupum,Apparel & Accessories > Clothing > Shirts & Tops > Mens,https://i.imgur.com/wt4pnbF.jpg,https://i.imgur.com/VTAdGr5.jpg,https://i.imgur.com/QL0Diye.jpg,https://i.imgur.com/VemH6YA.jpg,INSTOCK,100,Drupum Men Casual Long Sleeve Print Shirt Slimming Blouse,"This shirt is suitable for business, going out, party, dating, leisure and so on. Show your body, be a charming gentleman. <br><br>European size: S-XXL; <br>Fabric: polyester; <br>Sleeve: long sleeve; <br>Collar: turn-down collar; <br>Style: slimming. <br><br>Tips: 1, manual measurement, there are 1-3cm errors; <br>2, there is a little color difference due to different light, screen. Please pay attention. Thank you. Wish you a nice shopping!",S,Black,25.57,200,0,GBP
MKA225,MKA225-black-M,9159882047120,Drupum,Apparel & Accessories > Clothing > Shirts & Tops > Mens,https://i.imgur.com/wt4pnbF.jpg,https://i.imgur.com/VTAdGr5.jpg,https://i.imgur.com/QL0Diye.jpg,https://i.imgur.com/VemH6YA.jpg,INSTOCK,100,Drupum Men Casual Long Sleeve Print Shirt Slimming Blouse,"This shirt is suitable for business, going out, party, dating, leisure and so on. Show your body, be a charming gentleman. <br><br>European size: S-XXL; <br>Fabric: polyester; <br>Sleeve: long sleeve; <br>Collar: turn-down collar; <br>Style: slimming. <br><br>Tips: 1, manual measurement, there are 1-3cm errors; <br>2, there is a little color difference due to different light, screen. Please pay attention. Thank you. Wish you a nice shopping!",M,Black,25.57,200,0,GBP
MKA225,MKA225-black-L,9159882047137,Drupum,Apparel & Accessories > Clothing > Shirts & Tops > Mens,https://i.imgur.com/wt4pnbF.jpg,https://i.imgur.com/VTAdGr5.jpg,https://i.imgur.com/QL0Diye.jpg,https://i.imgur.com/VemH6YA.jpg,INSTOCK,100,Drupum Men Casual Long Sleeve Print Shirt Slimming Blouse,"This shirt is suitable for business, going out, party, dating, leisure and so on. Show your body, be a charming gentleman. <br><br>European size: S-XXL; <br>Fabric: polyester; <br>Sleeve: long sleeve; <br>Collar: turn-down collar; <br>Style: slimming. <br><br>Tips: 1, manual measurement, there are 1-3cm errors; <br>2, there is a little color difference due to different light, screen. Please pay attention. Thank you. Wish you a nice shopping!",L,Black,25.57,200,0,GBP
MKA225,MKA225-black-XL,9159882047144,Drupum,Apparel & Accessories > Clothing > Shirts & Tops > Mens,https://i.imgur.com/wt4pnbF.jpg,https://i.imgur.com/VTAdGr5.jpg,https://i.imgur.com/QL0Diye.jpg,https://i.imgur.com/VemH6YA.jpg,INSTOCK,100,Drupum Men Casual Long Sleeve Print Shirt Slimming Blouse,"This shirt is suitable for business, going out, party, dating, leisure and so on. Show your body, be a charming gentleman. <br><br>European size: S-XXL; <br>Fabric: polyester; <br>Sleeve: long sleeve; <br>Collar: turn-down collar; <br>Style: slimming. <br><br>Tips: 1, manual measurement, there are 1-3cm errors; <br>2, there is a little color difference due to different light, screen. Please pay attention. Thank you. Wish you a nice shopping!",XL,Black,25.57,200,0,GBP
MKA225,MKA225-black-XXL,9159882047151,Drupum,Apparel & Accessories > Clothing > Shirts & Tops > Mens,https://i.imgur.com/wt4pnbF.jpg,https://i.imgur.com/VTAdGr5.jpg,https://i.imgur.com/QL0Diye.jpg,https://i.imgur.com/VemH6YA.jpg,INSTOCK,100,Drupum Men Casual Long Sleeve Print Shirt Slimming Blouse,"This shirt is suitable for business, going out, party, dating, leisure and so on. Show your body, be a charming gentleman. <br><br>European size: S-XXL; <br>Fabric: polyester; <br>Sleeve: long sleeve; <br>Collar: turn-down collar; <br>Style: slimming. <br><br>Tips: 1, manual measurement, there are 1-3cm errors; <br>2, there is a little color difference due to different light, screen. Please pay attention. Thank you. Wish you a nice shopping!",XXL,Black,25.57,200,0,GBP
MKA225,MKA225-navy-S,9159882047168,Drupum,Apparel & Accessories > Clothing > Shirts & Tops > Mens,https://i.imgur.com/z1d1ZyF.jpg,https://i.imgur.com/1SfJN3A.jpg,https://i.imgur.com/ILoLZFM.jpg,https://i.imgur.com/VemH6YA.jpg,INSTOCK,100,Drupum Men Casual Long Sleeve Print Shirt Slimming Blouse,"This shirt is suitable for business, going out, party, dating, leisure and so on. Show your body, be a charming gentleman. <br><br>European size: S-XXL; <br>Fabric: polyester; <br>Sleeve: long sleeve; <br>Collar: turn-down collar; <br>Style: slimming. <br><br>Tips: 1, manual measurement, there are 1-3cm errors; <br>2, there is a little color difference due to different light, screen. Please pay attention. Thank you. Wish you a nice shopping!",S,Navy,25.57,200,0,GBP
MKA225,MKA225-navy-M,9159882047175,Drupum,Apparel & Accessories > Clothing > Shirts & Tops > Mens,https://i.imgur.com/z1d1ZyF.jpg,https://i.imgur.com/1SfJN3A.jpg,https://i.imgur.com/ILoLZFM.jpg,https://i.imgur.com/VemH6YA.jpg,INSTOCK,100,Drupum Men Casual Long Sleeve Print Shirt Slimming Blouse,"This shirt is suitable for business, going out, party, dating, leisure and so on. Show your body, be a charming gentleman. <br><br>European size: S-XXL; <br>Fabric: polyester; <br>Sleeve: long sleeve; <br>Collar: turn-down collar; <br>Style: slimming. <br><br>Tips: 1, manual measurement, there are 1-3cm errors; <br>2, there is a little color difference due to different light, screen. Please pay attention. Thank you. Wish you a nice shopping!",M,Navy,25.57,200,0,GBP
MKA225,MKA225-navy-L,9159882047182,Drupum,Apparel & Accessories > Clothing > Shirts & Tops > Mens,https://i.imgur.com/z1d1ZyF.jpg,https://i.imgur.com/1SfJN3A.jpg,https://i.imgur.com/ILoLZFM.jpg,https://i.imgur.com/VemH6YA.jpg,INSTOCK,100,Drupum Men Casual Long Sleeve Print Shirt Slimming Blouse,"This shirt is suitable for business, going out, party, dating, leisure and so on. Show your body, be a charming gentleman. <br><br>European size: S-XXL; <br>Fabric: polyester; <br>Sleeve: long sleeve; <br>Collar: turn-down collar; <br>Style: slimming. <br><br>Tips: 1, manual measurement, there are 1-3cm errors; <br>2, there is a little color difference due to different light, screen. Please pay attention. Thank you. Wish you a nice shopping!",L,Navy,25.57,200,0,GBP
MKA225,MKA225-navy-XL,9159882047199,Drupum,Apparel & Accessories > Clothing > Shirts & Tops > Mens,https://i.imgur.com/z1d1ZyF.jpg,https://i.imgur.com/1SfJN3A.jpg,https://i.imgur.com/ILoLZFM.jpg,https://i.imgur.com/VemH6YA.jpg,INSTOCK,100,Drupum Men Casual Long Sleeve Print Shirt Slimming Blouse,"This shirt is suitable for business, going out, party, dating, leisure and so on. Show your body, be a charming gentleman. <br><br>European size: S-XXL; <br>Fabric: polyester; <br>Sleeve: long sleeve; <br>Collar: turn-down collar; <br>Style: slimming. <br><br>Tips: 1, manual measurement, there are 1-3cm errors; <br>2, there is a little color difference due to different light, screen. Please pay attention. Thank you. Wish you a nice shopping!",XL,Navy,25.57,200,0,GBP
MKA225,MKA225-navy-XXL,9159882047205,Drupum,Apparel & Accessories > Clothing > Shirts & Tops > Mens,https://i.imgur.com/z1d1ZyF.jpg,https://i.imgur.com/1SfJN3A.jpg,https://i.imgur.com/ILoLZFM.jpg,https://i.imgur.com/VemH6YA.jpg,INSTOCK,100,Drupum Men Casual Long Sleeve Print Shirt Slimming Blouse,"This shirt is suitable for business, going out, party, dating, leisure and so on. Show your body, be a charming gentleman. <br><br>European size: S-XXL; <br>Fabric: polyester; <br>Sleeve: long sleeve; <br>Collar: turn-down collar; <br>Style: slimming. <br><br>Tips: 1, manual measurement, there are 1-3cm errors; <br>2, there is a little color difference due to different light, screen. Please pay attention. Thank you. Wish you a nice shopping!",XXL,Navy,25.57,200,0,GBP
MKA226,MKA226-black-S,9159882047212,Drupum,Apparel & Accessories > Clothing > Shirts & Tops > Mens,https://i.imgur.com/1d7pSiu.jpg,https://i.imgur.com/RDZv0ph.jpg,https://i.imgur.com/i7EnRao.jpg,https://i.imgur.com/VemH6YA.jpg,INSTOCK,100,Drupum Long Sleeve Relaxation Shirt with Wing Embroidery for Men Casual Slimming Blouse,"This shirt is suitable for business, going out, party, dating, leisure and so on. Show your body, be a charming gentleman. <br><br>European size: S-XXL; <br>Fabric: polyester; <br>Sleeve: long sleeve; <br>Collar: turn-down collar; <br>Style: slimming. <br><br>Tips: 1, manual measurement, there are 1-3cm errors; <br>2, there is a little color difference due to different light, screen. Please pay attention. Thank you. Wish you a nice shopping!",S,Black,25.57,200,0,GBP
MKA226,MKA226-black-M,9159882047229,Drupum,Apparel & Accessories > Clothing > Shirts & Tops > Mens,https://i.imgur.com/1d7pSiu.jpg,https://i.imgur.com/RDZv0ph.jpg,https://i.imgur.com/i7EnRao.jpg,https://i.imgur.com/VemH6YA.jpg,INSTOCK,100,Drupum Long Sleeve Relaxation Shirt with Wing Embroidery for Men Casual Slimming Blouse,"This shirt is suitable for business, going out, party, dating, leisure and so on. Show your body, be a charming gentleman. <br><br>European size: S-XXL; <br>Fabric: polyester; <br>Sleeve: long sleeve; <br>Collar: turn-down collar; <br>Style: slimming. <br><br>Tips: 1, manual measurement, there are 1-3cm errors; <br>2, there is a little color difference due to different light, screen. Please pay attention. Thank you. Wish you a nice shopping!",M,Black,25.57,200,0,GBP
MKA226,MKA226-black-L,9159882047236,Drupum,Apparel & Accessories > Clothing > Shirts & Tops > Mens,https://i.imgur.com/1d7pSiu.jpg,https://i.imgur.com/RDZv0ph.jpg,https://i.imgur.com/i7EnRao.jpg,https://i.imgur.com/VemH6YA.jpg,INSTOCK,100,Drupum Long Sleeve Relaxation Shirt with Wing Embroidery for Men Casual Slimming Blouse,"This shirt is suitable for business, going out, party, dating, leisure and so on. Show your body, be a charming gentleman. <br><br>European size: S-XXL; <br>Fabric: polyester; <br>Sleeve: long sleeve; <br>Collar: turn-down collar; <br>Style: slimming. <br><br>Tips: 1, manual measurement, there are 1-3cm errors; <br>2, there is a little color difference due to different light, screen. Please pay attention. Thank you. Wish you a nice shopping!",L,Black,25.57,200,0,GBP
MKA226,MKA226-black-XL,9159882047243,Drupum,Apparel & Accessories > Clothing > Shirts & Tops > Mens,https://i.imgur.com/1d7pSiu.jpg,https://i.imgur.com/RDZv0ph.jpg,https://i.imgur.com/i7EnRao.jpg,https://i.imgur.com/VemH6YA.jpg,INSTOCK,100,Drupum Long Sleeve Relaxation Shirt with Wing Embroidery for Men Casual Slimming Blouse,"This shirt is suitable for business, going out, party, dating, leisure and so on. Show your body, be a charming gentleman. <br><br>European size: S-XXL; <br>Fabric: polyester; <br>Sleeve: long sleeve; <br>Collar: turn-down collar; <br>Style: slimming. <br><br>Tips: 1, manual measurement, there are 1-3cm errors; <br>2, there is a little color difference due to different light, screen. Please pay attention. Thank you. Wish you a nice shopping!",XL,Black,25.57,200,0,GBP
MKA226,MKA226-black-XXL,9159882047250,Drupum,Apparel & Accessories > Clothing > Shirts & Tops > Mens,https://i.imgur.com/1d7pSiu.jpg,https://i.imgur.com/RDZv0ph.jpg,https://i.imgur.com/i7EnRao.jpg,https://i.imgur.com/VemH6YA.jpg,INSTOCK,100,Drupum Long Sleeve Relaxation Shirt with Wing Embroidery for Men Casual Slimming Blouse,"This shirt is suitable for business, going out, party, dating, leisure and so on. Show your body, be a charming gentleman. <br><br>European size: S-XXL; <br>Fabric: polyester; <br>Sleeve: long sleeve; <br>Collar: turn-down collar; <br>Style: slimming. <br><br>Tips: 1, manual measurement, there are 1-3cm errors; <br>2, there is a little color difference due to different light, screen. Please pay attention. Thank you. Wish you a nice shopping!",XXL,Black,25.57,200,0,GBP
MKA226,MKA226-navy-S,9159882047267,Drupum,Apparel & Accessories > Clothing > Shirts & Tops > Mens,https://i.imgur.com/cgJEHJT.jpg,https://i.imgur.com/oFKuzEi.jpg,https://i.imgur.com/gsLvyQ2.jpg,https://i.imgur.com/VemH6YA.jpg,INSTOCK,100,Drupum Long Sleeve Relaxation Shirt with Wing Embroidery for Men Casual Slimming Blouse,"This shirt is suitable for business, going out, party, dating, leisure and so on. Show your body, be a charming gentleman. <br><br>European size: S-XXL; <br>Fabric: polyester; <br>Sleeve: long sleeve; <br>Collar: turn-down collar; <br>Style: slimming. <br><br>Tips: 1, manual measurement, there are 1-3cm errors; <br>2, there is a little color difference due to different light, screen. Please pay attention. Thank you. Wish you a nice shopping!",S,Navy,25.57,200,0,GBP
MKA226,MKA226-navy-M,9159882047274,Drupum,Apparel & Accessories > Clothing > Shirts & Tops > Mens,https://i.imgur.com/cgJEHJT.jpg,https://i.imgur.com/oFKuzEi.jpg,https://i.imgur.com/gsLvyQ2.jpg,https://i.imgur.com/VemH6YA.jpg,INSTOCK,100,Drupum Long Sleeve Relaxation Shirt with Wing Embroidery for Men Casual Slimming Blouse,"This shirt is suitable for business, going out, party, dating, leisure and so on. Show your body, be a charming gentleman. <br><br>European size: S-XXL; <br>Fabric: polyester; <br>Sleeve: long sleeve; <br>Collar: turn-down collar; <br>Style: slimming. <br><br>Tips: 1, manual measurement, there are 1-3cm errors; <br>2, there is a little color difference due to different light, screen. Please pay attention. Thank you. Wish you a nice shopping!",M,Navy,25.57,200,0,GBP
MKA226,MKA226-navy-L,9159882047281,Drupum,Apparel & Accessories > Clothing > Shirts & Tops > Mens,https://i.imgur.com/cgJEHJT.jpg,https://i.imgur.com/oFKuzEi.jpg,https://i.imgur.com/gsLvyQ2.jpg,https://i.imgur.com/VemH6YA.jpg,INSTOCK,100,Drupum Long Sleeve Relaxation Shirt with Wing Embroidery for Men Casual Slimming Blouse,"This shirt is suitable for business, going out, party, dating, leisure and so on. Show your body, be a charming gentleman. <br><br>European size: S-XXL; <br>Fabric: polyester; <br>Sleeve: long sleeve; <br>Collar: turn-down collar; <br>Style: slimming. <br><br>Tips: 1, manual measurement, there are 1-3cm errors; <br>2, there is a little color difference due to different light, screen. Please pay attention. Thank you. Wish you a nice shopping!",L,Navy,25.57,200,0,GBP
MKA226,MKA226-navy-XL,9159882047298,Drupum,Apparel & Accessories > Clothing > Shirts & Tops > Mens,https://i.imgur.com/cgJEHJT.jpg,https://i.imgur.com/oFKuzEi.jpg,https://i.imgur.com/gsLvyQ2.jpg,https://i.imgur.com/VemH6YA.jpg,INSTOCK,100,Drupum Long Sleeve Relaxation Shirt with Wing Embroidery for Men Casual Slimming Blouse,"This shirt is suitable for business, going out, party, dating, leisure and so on. Show your body, be a charming gentleman. <br><br>European size: S-XXL; <br>Fabric: polyester; <br>Sleeve: long sleeve; <br>Collar: turn-down collar; <br>Style: slimming. <br><br>Tips: 1, manual measurement, there are 1-3cm errors; <br>2, there is a little color difference due to different light, screen. Please pay attention. Thank you. Wish you a nice shopping!",XL,Navy,25.57,200,0,GBP
MKA226,MKA226-navy-XXL,9159882047304,Drupum,Apparel & Accessories > Clothing > Shirts & Tops > Mens,https://i.imgur.com/cgJEHJT.jpg,https://i.imgur.com/oFKuzEi.jpg,https://i.imgur.com/gsLvyQ2.jpg,https://i.imgur.com/VemH6YA.jpg,INSTOCK,100,Drupum Long Sleeve Relaxation Shirt with Wing Embroidery for Men Casual Slimming Blouse,"This shirt is suitable for business, going out, party, dating, leisure and so on. Show your body, be a charming gentleman. <br><br>European size: S-XXL; <br>Fabric: polyester; <br>Sleeve: long sleeve; <br>Collar: turn-down collar; <br>Style: slimming. <br><br>Tips: 1, manual measurement, there are 1-3cm errors; <br>2, there is a little color difference due to different light, screen. Please pay attention. Thank you. Wish you a nice shopping!",XXL,Navy,25.57,200,0,GBP
MKA229,MKA229-black-S,9159882047311,Drupum,Apparel & Accessories > Clothing > Shirts & Tops > Mens,https://i.imgur.com/S1UZhQG.jpg,https://i.imgur.com/uAYI6mQ.jpg,https://i.imgur.com/YnQ0BIv.jpg,https://i.imgur.com/VemH6YA.jpg,INSTOCK,100,Drupum Solid Color Men's Casual Slim Fit Shirt Long Sleeve All-match Blouse,"This shirt is suitable for business, going out, party, dating, leisure and so on. Show your body, be a charming gentleman. <br><br>European size: S-XXL; <br>Fabric: polyester; <br>Sleeve: long sleeve; <br>Collar: turn-down collar; <br>Style: slimming. <br><br>Tips: 1, manual measurement, there are 1-3cm errors; <br>2, there is a little color difference due to different light, screen. Please pay attention. Thank you. Wish you a nice shopping!",S,Black,25.57,200,0,GBP
MKA229,MKA229-black-M,9159882047328,Drupum,Apparel & Accessories > Clothing > Shirts & Tops > Mens,https://i.imgur.com/S1UZhQG.jpg,https://i.imgur.com/uAYI6mQ.jpg,https://i.imgur.com/YnQ0BIv.jpg,https://i.imgur.com/VemH6YA.jpg,INSTOCK,100,Drupum Solid Color Men's Casual Slim Fit Shirt Long Sleeve All-match Blouse,"This shirt is suitable for business, going out, party, dating, leisure and so on. Show your body, be a charming gentleman. <br><br>European size: S-XXL; <br>Fabric: polyester; <br>Sleeve: long sleeve; <br>Collar: turn-down collar; <br>Style: slimming. <br><br>Tips: 1, manual measurement, there are 1-3cm errors; <br>2, there is a little color difference due to different light, screen. Please pay attention. Thank you. Wish you a nice shopping!",M,Black,25.57,200,0,GBP
MKA229,MKA229-black-L,9159882047335,Drupum,Apparel & Accessories > Clothing > Shirts & Tops > Mens,https://i.imgur.com/S1UZhQG.jpg,https://i.imgur.com/uAYI6mQ.jpg,https://i.imgur.com/YnQ0BIv.jpg,https://i.imgur.com/VemH6YA.jpg,INSTOCK,100,Drupum Solid Color Men's Casual Slim Fit Shirt Long Sleeve All-match Blouse,"This shirt is suitable for business, going out, party, dating, leisure and so on. Show your body, be a charming gentleman. <br><br>European size: S-XXL; <br>Fabric: polyester; <br>Sleeve: long sleeve; <br>Collar: turn-down collar; <br>Style: slimming. <br><br>Tips: 1, manual measurement, there are 1-3cm errors; <br>2, there is a little color difference due to different light, screen. Please pay attention. Thank you. Wish you a nice shopping!",L,Black,25.57,200,0,GBP
MKA229,MKA229-black-XL,9159882047342,Drupum,Apparel & Accessories > Clothing > Shirts & Tops > Mens,https://i.imgur.com/S1UZhQG.jpg,https://i.imgur.com/uAYI6mQ.jpg,https://i.imgur.com/YnQ0BIv.jpg,https://i.imgur.com/VemH6YA.jpg,INSTOCK,100,Drupum Solid Color Men's Casual Slim Fit Shirt Long Sleeve All-match Blouse,"This shirt is suitable for business, going out, party, dating, leisure and so on. Show your body, be a charming gentleman. <br><br>European size: S-XXL; <br>Fabric: polyester; <br>Sleeve: long sleeve; <br>Collar: turn-down collar; <br>Style: slimming. <br><br>Tips: 1, manual measurement, there are 1-3cm errors; <br>2, there is a little color difference due to different light, screen. Please pay attention. Thank you. Wish you a nice shopping!",XL,Black,25.57,200,0,GBP
MKA229,MKA229-black-XXL,9159882047359,Drupum,Apparel & Accessories > Clothing > Shirts & Tops > Mens,https://i.imgur.com/S1UZhQG.jpg,https://i.imgur.com/uAYI6mQ.jpg,https://i.imgur.com/YnQ0BIv.jpg,https://i.imgur.com/VemH6YA.jpg,INSTOCK,100,Drupum Solid Color Men's Casual Slim Fit Shirt Long Sleeve All-match Blouse,"This shirt is suitable for business, going out, party, dating, leisure and so on. Show your body, be a charming gentleman. <br><br>European size: S-XXL; <br>Fabric: polyester; <br>Sleeve: long sleeve; <br>Collar: turn-down collar; <br>Style: slimming. <br><br>Tips: 1, manual measurement, there are 1-3cm errors; <br>2, there is a little color difference due to different light, screen. Please pay attention. Thank you. Wish you a nice shopping!",XXL,Black,25.57,200,0,GBP
MKA229,MKA229-navy-S,9159882047366,Drupum,Apparel & Accessories > Clothing > Shirts & Tops > Mens,https://i.imgur.com/XTsxN3Z.jpg,https://i.imgur.com/ImtLosD.jpg,https://i.imgur.com/Jefj3kd.jpg,https://i.imgur.com/VemH6YA.jpg,INSTOCK,100,Drupum Solid Color Men's Casual Slim Fit Shirt Long Sleeve All-match Blouse,"This shirt is suitable for business, going out, party, dating, leisure and so on. Show your body, be a charming gentleman. <br><br>European size: S-XXL; <br>Fabric: polyester; <br>Sleeve: long sleeve; <br>Collar: turn-down collar; <br>Style: slimming. <br><br>Tips: 1, manual measurement, there are 1-3cm errors; <br>2, there is a little color difference due to different light, screen. Please pay attention. Thank you. Wish you a nice shopping!",S,Navy,25.57,200,0,GBP
MKA229,MKA229-navy-M,9159882047373,Drupum,Apparel & Accessories > Clothing > Shirts & Tops > Mens,https://i.imgur.com/XTsxN3Z.jpg,https://i.imgur.com/ImtLosD.jpg,https://i.imgur.com/Jefj3kd.jpg,https://i.imgur.com/VemH6YA.jpg,INSTOCK,100,Drupum Solid Color Men's Casual Slim Fit Shirt Long Sleeve All-match Blouse,"This shirt is suitable for business, going out, party, dating, leisure and so on. Show your body, be a charming gentleman. <br><br>European size: S-XXL; <br>Fabric: polyester; <br>Sleeve: long sleeve; <br>Collar: turn-down collar; <br>Style: slimming. <br><br>Tips: 1, manual measurement, there are 1-3cm errors; <br>2, there is a little color difference due to different light, screen. Please pay attention. Thank you. Wish you a nice shopping!",M,Navy,25.57,200,0,GBP
MKA229,MKA229-navy-L,9159882047380,Drupum,Apparel & Accessories > Clothing > Shirts & Tops > Mens,https://i.imgur.com/XTsxN3Z.jpg,https://i.imgur.com/ImtLosD.jpg,https://i.imgur.com/Jefj3kd.jpg,https://i.imgur.com/VemH6YA.jpg,INSTOCK,100,Drupum Solid Color Men's Casual Slim Fit Shirt Long Sleeve All-match Blouse,"This shirt is suitable for business, going out, party, dating, leisure and so on. Show your body, be a charming gentleman. <br><br>European size: S-XXL; <br>Fabric: polyester; <br>Sleeve: long sleeve; <br>Collar: turn-down collar; <br>Style: slimming. <br><br>Tips: 1, manual measurement, there are 1-3cm errors; <br>2, there is a little color difference due to different light, screen. Please pay attention. Thank you. Wish you a nice shopping!",L,Navy,25.57,200,0,GBP
MKA229,MKA229-navy-XL,9159882047397,Drupum,Apparel & Accessories > Clothing > Shirts & Tops > Mens,https://i.imgur.com/XTsxN3Z.jpg,https://i.imgur.com/ImtLosD.jpg,https://i.imgur.com/Jefj3kd.jpg,https://i.imgur.com/VemH6YA.jpg,INSTOCK,100,Drupum Solid Color Men's Casual Slim Fit Shirt Long Sleeve All-match Blouse,"This shirt is suitable for business, going out, party, dating, leisure and so on. Show your body, be a charming gentleman. <br><br>European size: S-XXL; <br>Fabric: polyester; <br>Sleeve: long sleeve; <br>Collar: turn-down collar; <br>Style: slimming. <br><br>Tips: 1, manual measurement, there are 1-3cm errors; <br>2, there is a little color difference due to different light, screen. Please pay attention. Thank you. Wish you a nice shopping!",XL,Navy,25.57,200,0,GBP
MKA229,MKA229-navy-XXL,9159882047403,Drupum,Apparel & Accessories > Clothing > Shirts & Tops > Mens,https://i.imgur.com/XTsxN3Z.jpg,https://i.imgur.com/ImtLosD.jpg,https://i.imgur.com/Jefj3kd.jpg,https://i.imgur.com/VemH6YA.jpg,INSTOCK,100,Drupum Solid Color Men's Casual Slim Fit Shirt Long Sleeve All-match Blouse,"This shirt is suitable for business, going out, party, dating, leisure and so on. Show your body, be a charming gentleman. <br><br>European size: S-XXL; <br>Fabric: polyester; <br>Sleeve: long sleeve; <br>Collar: turn-down collar; <br>Style: slimming. <br><br>Tips: 1, manual measurement, there are 1-3cm errors; <br>2, there is a little color difference due to different light, screen. Please pay attention. Thank you. Wish you a nice shopping!",XXL,Navy,25.57,200,0,GBP
MKA229,MKA229-red-S,9159882047410,Drupum,Apparel & Accessories > Clothing > Shirts & Tops > Mens,https://i.imgur.com/oalOw1g.jpg,https://i.imgur.com/i350x8P.jpg,https://i.imgur.com/wbLKoIc.jpg,https://i.imgur.com/VemH6YA.jpg,INSTOCK,100,Drupum Solid Color Men's Casual Slim Fit Shirt Long Sleeve All-match Blouse,"This shirt is suitable for business, going out, party, dating, leisure and so on. Show your body, be a charming gentleman. <br><br>European size: S-XXL; <br>Fabric: polyester; <br>Sleeve: long sleeve; <br>Collar: turn-down collar; <br>Style: slimming. <br><br>Tips: 1, manual measurement, there are 1-3cm errors; <br>2, there is a little color difference due to different light, screen. Please pay attention. Thank you. Wish you a nice shopping!",S,Red,25.57,200,0,GBP
MKA229,MKA229-red-M,9159882047427,Drupum,Apparel & Accessories > Clothing > Shirts & Tops > Mens,https://i.imgur.com/oalOw1g.jpg,https://i.imgur.com/i350x8P.jpg,https://i.imgur.com/wbLKoIc.jpg,https://i.imgur.com/VemH6YA.jpg,INSTOCK,100,Drupum Solid Color Men's Casual Slim Fit Shirt Long Sleeve All-match Blouse,"This shirt is suitable for business, going out, party, dating, leisure and so on. Show your body, be a charming gentleman. <br><br>European size: S-XXL; <br>Fabric: polyester; <br>Sleeve: long sleeve; <br>Collar: turn-down collar; <br>Style: slimming. <br><br>Tips: 1, manual measurement, there are 1-3cm errors; <br>2, there is a little color difference due to different light, screen. Please pay attention. Thank you. Wish you a nice shopping!",M,Red,25.57,200,0,GBP
MKA229,MKA229-red-L,9159882047434,Drupum,Apparel & Accessories > Clothing > Shirts & Tops > Mens,https://i.imgur.com/oalOw1g.jpg,https://i.imgur.com/i350x8P.jpg,https://i.imgur.com/wbLKoIc.jpg,https://i.imgur.com/VemH6YA.jpg,INSTOCK,100,Drupum Solid Color Men's Casual Slim Fit Shirt Long Sleeve All-match Blouse,"This shirt is suitable for business, going out, party, dating, leisure and so on. Show your body, be a charming gentleman. <br><br>European size: S-XXL; <br>Fabric: polyester; <br>Sleeve: long sleeve; <br>Collar: turn-down collar; <br>Style: slimming. <br><br>Tips: 1, manual measurement, there are 1-3cm errors; <br>2, there is a little color difference due to different light, screen. Please pay attention. Thank you. Wish you a nice shopping!",L,Red,25.57,200,0,GBP
MKA229,MKA229-red-XL,9159882047441,Drupum,Apparel & Accessories > Clothing > Shirts & Tops > Mens,https://i.imgur.com/oalOw1g.jpg,https://i.imgur.com/i350x8P.jpg,https://i.imgur.com/wbLKoIc.jpg,https://i.imgur.com/VemH6YA.jpg,INSTOCK,100,Drupum Solid Color Men's Casual Slim Fit Shirt Long Sleeve All-match Blouse,"This shirt is suitable for business, going out, party, dating, leisure and so on. Show your body, be a charming gentleman. <br><br>European size: S-XXL; <br>Fabric: polyester; <br>Sleeve: long sleeve; <br>Collar: turn-down collar; <br>Style: slimming. <br><br>Tips: 1, manual measurement, there are 1-3cm errors; <br>2, there is a little color difference due to different light, screen. Please pay attention. Thank you. Wish you a nice shopping!",XL,Red,25.57,200,0,GBP
MKA229,MKA229-red-XXL,9159882047458,Drupum,Apparel & Accessories > Clothing > Shirts & Tops > Mens,https://i.imgur.com/oalOw1g.jpg,https://i.imgur.com/i350x8P.jpg,https://i.imgur.com/wbLKoIc.jpg,https://i.imgur.com/VemH6YA.jpg,INSTOCK,100,Drupum Solid Color Men's Casual Slim Fit Shirt Long Sleeve All-match Blouse,"This shirt is suitable for business, going out, party, dating, leisure and so on. Show your body, be a charming gentleman. <br><br>European size: S-XXL; <br>Fabric: polyester; <br>Sleeve: long sleeve; <br>Collar: turn-down collar; <br>Style: slimming. <br><br>Tips: 1, manual measurement, there are 1-3cm errors; <br>2, there is a little color difference due to different light, screen. Please pay attention. Thank you. Wish you a nice shopping!",XXL,Red,25.57,200,0,GBP
MKA229,MKA229-white-S,9159882047465,Drupum,Apparel & Accessories > Clothing > Shirts & Tops > Mens,https://i.imgur.com/9h7IclZ.jpg,https://i.imgur.com/Ult2yHv.jpg,https://i.imgur.com/wVOTuGR.jpg,https://i.imgur.com/VemH6YA.jpg,INSTOCK,100,Drupum Solid Color Men's Casual Slim Fit Shirt Long Sleeve All-match Blouse,"This shirt is suitable for business, going out, party, dating, leisure and so on. Show your body, be a charming gentleman. <br><br>European size: S-XXL; <br>Fabric: polyester; <br>Sleeve: long sleeve; <br>Collar: turn-down collar; <br>Style: slimming. <br><br>Tips: 1, manual measurement, there are 1-3cm errors; <br>2, there is a little color difference due to different light, screen. Please pay attention. Thank you. Wish you a nice shopping!",S,White,25.57,200,0,GBP
MKA229,MKA229-white-M,9159882047472,Drupum,Apparel & Accessories > Clothing > Shirts & Tops > Mens,https://i.imgur.com/9h7IclZ.jpg,https://i.imgur.com/Ult2yHv.jpg,https://i.imgur.com/wVOTuGR.jpg,https://i.imgur.com/VemH6YA.jpg,INSTOCK,100,Drupum Solid Color Men's Casual Slim Fit Shirt Long Sleeve All-match Blouse,"This shirt is suitable for business, going out, party, dating, leisure and so on. Show your body, be a charming gentleman. <br><br>European size: S-XXL; <br>Fabric: polyester; <br>Sleeve: long sleeve; <br>Collar: turn-down collar; <br>Style: slimming. <br><br>Tips: 1, manual measurement, there are 1-3cm errors; <br>2, there is a little color difference due to different light, screen. Please pay attention. Thank you. Wish you a nice shopping!",M,White,25.57,200,0,GBP
MKA229,MKA229-white-L,9159882047489,Drupum,Apparel & Accessories > Clothing > Shirts & Tops > Mens,https://i.imgur.com/9h7IclZ.jpg,https://i.imgur.com/Ult2yHv.jpg,https://i.imgur.com/wVOTuGR.jpg,https://i.imgur.com/VemH6YA.jpg,INSTOCK,100,Drupum Solid Color Men's Casual Slim Fit Shirt Long Sleeve All-match Blouse,"This shirt is suitable for business, going out, party, dating, leisure and so on. Show your body, be a charming gentleman. <br><br>European size: S-XXL; <br>Fabric: polyester; <br>Sleeve: long sleeve; <br>Collar: turn-down collar; <br>Style: slimming. <br><br>Tips: 1, manual measurement, there are 1-3cm errors; <br>2, there is a little color difference due to different light, screen. Please pay attention. Thank you. Wish you a nice shopping!",L,White,25.57,200,0,GBP
MKA229,MKA229-white-XL,9159882047496,Drupum,Apparel & Accessories > Clothing > Shirts & Tops > Mens,https://i.imgur.com/9h7IclZ.jpg,https://i.imgur.com/Ult2yHv.jpg,https://i.imgur.com/wVOTuGR.jpg,https://i.imgur.com/VemH6YA.jpg,INSTOCK,100,Drupum Solid Color Men's Casual Slim Fit Shirt Long Sleeve All-match Blouse,"This shirt is suitable for business, going out, party, dating, leisure and so on. Show your body, be a charming gentleman. <br><br>European size: S-XXL; <br>Fabric: polyester; <br>Sleeve: long sleeve; <br>Collar: turn-down collar; <br>Style: slimming. <br><br>Tips: 1, manual measurement, there are 1-3cm errors; <br>2, there is a little color difference due to different light, screen. Please pay attention. Thank you. Wish you a nice shopping!",XL,White,25.57,200,0,GBP
MKA229,MKA229-white-XXL,9159882047502,Drupum,Apparel & Accessories > Clothing > Shirts & Tops > Mens,https://i.imgur.com/9h7IclZ.jpg,https://i.imgur.com/Ult2yHv.jpg,https://i.imgur.com/wVOTuGR.jpg,https://i.imgur.com/VemH6YA.jpg,INSTOCK,100,Drupum Solid Color Men's Casual Slim Fit Shirt Long Sleeve All-match Blouse,"This shirt is suitable for business, going out, party, dating, leisure and so on. Show your body, be a charming gentleman. <br><br>European size: S-XXL; <br>Fabric: polyester; <br>Sleeve: long sleeve; <br>Collar: turn-down collar; <br>Style: slimming. <br><br>Tips: 1, manual measurement, there are 1-3cm errors; <br>2, there is a little color difference due to different light, screen. Please pay attention. Thank you. Wish you a nice shopping!",XXL,White,25.57,200,0,GBP
MKA229,MKA229-blue-S,9159882047519,Drupum,Apparel & Accessories > Clothing > Shirts & Tops > Mens,https://i.imgur.com/h8F8Nfm.jpg,https://i.imgur.com/3FmDX90.jpg,https://i.imgur.com/PV6H5Nn.jpg,https://i.imgur.com/VemH6YA.jpg,INSTOCK,100,Drupum Solid Color Men's Casual Slim Fit Shirt Long Sleeve All-match Blouse,"This shirt is suitable for business, going out, party, dating, leisure and so on. Show your body, be a charming gentleman. <br><br>European size: S-XXL; <br>Fabric: polyester; <br>Sleeve: long sleeve; <br>Collar: turn-down collar; <br>Style: slimming. <br><br>Tips: 1, manual measurement, there are 1-3cm errors; <br>2, there is a little color difference due to different light, screen. Please pay attention. Thank you. Wish you a nice shopping!",S,Blue,25.57,200,0,GBP
MKA229,MKA229-blue-M,9159882047526,Drupum,Apparel & Accessories > Clothing > Shirts & Tops > Mens,https://i.imgur.com/h8F8Nfm.jpg,https://i.imgur.com/3FmDX90.jpg,https://i.imgur.com/PV6H5Nn.jpg,https://i.imgur.com/VemH6YA.jpg,INSTOCK,100,Drupum Solid Color Men's Casual Slim Fit Shirt Long Sleeve All-match Blouse,"This shirt is suitable for business, going out, party, dating, leisure and so on. Show your body, be a charming gentleman. <br><br>European size: S-XXL; <br>Fabric: polyester; <br>Sleeve: long sleeve; <br>Collar: turn-down collar; <br>Style: slimming. <br><br>Tips: 1, manual measurement, there are 1-3cm errors; <br>2, there is a little color difference due to different light, screen. Please pay attention. Thank you. Wish you a nice shopping!",M,Blue,25.57,200,0,GBP
MKA229,MKA229-blue-L,9159882047533,Drupum,Apparel & Accessories > Clothing > Shirts & Tops > Mens,https://i.imgur.com/h8F8Nfm.jpg,https://i.imgur.com/3FmDX90.jpg,https://i.imgur.com/PV6H5Nn.jpg,https://i.imgur.com/VemH6YA.jpg,INSTOCK,100,Drupum Solid Color Men's Casual Slim Fit Shirt Long Sleeve All-match Blouse,"This shirt is suitable for business, going out, party, dating, leisure and so on. Show your body, be a charming gentleman. <br><br>European size: S-XXL; <br>Fabric: polyester; <br>Sleeve: long sleeve; <br>Collar: turn-down collar; <br>Style: slimming. <br><br>Tips: 1, manual measurement, there are 1-3cm errors; <br>2, there is a little color difference due to different light, screen. Please pay attention. Thank you. Wish you a nice shopping!",L,Blue,25.57,200,0,GBP
MKA229,MKA229-blue-XL,9159882047540,Drupum,Apparel & Accessories > Clothing > Shirts & Tops > Mens,https://i.imgur.com/h8F8Nfm.jpg,https://i.imgur.com/3FmDX90.jpg,https://i.imgur.com/PV6H5Nn.jpg,https://i.imgur.com/VemH6YA.jpg,INSTOCK,100,Drupum Solid Color Men's Casual Slim Fit Shirt Long Sleeve All-match Blouse,"This shirt is suitable for business, going out, party, dating, leisure and so on. Show your body, be a charming gentleman. <br><br>European size: S-XXL; <br>Fabric: polyester; <br>Sleeve: long sleeve; <br>Collar: turn-down collar; <br>Style: slimming. <br><br>Tips: 1, manual measurement, there are 1-3cm errors; <br>2, there is a little color difference due to different light, screen. Please pay attention. Thank you. Wish you a nice shopping!",XL,Blue,25.57,200,0,GBP
MKA229,MKA229-blue-XXL,9159882047557,Drupum,Apparel & Accessories > Clothing > Shirts & Tops > Mens,https://i.imgur.com/h8F8Nfm.jpg,https://i.imgur.com/3FmDX90.jpg,https://i.imgur.com/PV6H5Nn.jpg,https://i.imgur.com/VemH6YA.jpg,INSTOCK,100,Drupum Solid Color Men's Casual Slim Fit Shirt Long Sleeve All-match Blouse,"This shirt is suitable for business, going out, party, dating, leisure and so on. Show your body, be a charming gentleman. <br><br>European size: S-XXL; <br>Fabric: polyester; <br>Sleeve: long sleeve; <br>Collar: turn-down collar; <br>Style: slimming. <br><br>Tips: 1, manual measurement, there are 1-3cm errors; <br>2, there is a little color difference due to different light, screen. Please pay attention. Thank you. Wish you a nice shopping!",XXL,Blue,25.57,200,0,GBP
MKA229,MKA229-khaki-S,9159882047564,Drupum,Apparel & Accessories > Clothing > Shirts & Tops > Mens,https://i.imgur.com/DRNBHEa.jpg,https://i.imgur.com/RWpZqyk.jpg,https://i.imgur.com/I8OHrb1.jpg,https://i.imgur.com/VemH6YA.jpg,INSTOCK,100,Drupum Solid Color Men's Casual Slim Fit Shirt Long Sleeve All-match Blouse,"This shirt is suitable for business, going out, party, dating, leisure and so on. Show your body, be a charming gentleman. <br><br>European size: S-XXL; <br>Fabric: polyester; <br>Sleeve: long sleeve; <br>Collar: turn-down collar; <br>Style: slimming. <br><br>Tips: 1, manual measurement, there are 1-3cm errors; <br>2, there is a little color difference due to different light, screen. Please pay attention. Thank you. Wish you a nice shopping!",S,Khaki,25.57,200,0,GBP
MKA229,MKA229-khaki-M,9159882047571,Drupum,Apparel & Accessories > Clothing > Shirts & Tops > Mens,https://i.imgur.com/DRNBHEa.jpg,https://i.imgur.com/RWpZqyk.jpg,https://i.imgur.com/I8OHrb1.jpg,https://i.imgur.com/VemH6YA.jpg,INSTOCK,100,Drupum Solid Color Men's Casual Slim Fit Shirt Long Sleeve All-match Blouse,"This shirt is suitable for business, going out, party, dating, leisure and so on. Show your body, be a charming gentleman. <br><br>European size: S-XXL; <br>Fabric: polyester; <br>Sleeve: long sleeve; <br>Collar: turn-down collar; <br>Style: slimming. <br><br>Tips: 1, manual measurement, there are 1-3cm errors; <br>2, there is a little color difference due to different light, screen. Please pay attention. Thank you. Wish you a nice shopping!",M,Khaki,25.57,200,0,GBP
MKA229,MKA229-khaki-L,9159882047588,Drupum,Apparel & Accessories > Clothing > Shirts & Tops > Mens,https://i.imgur.com/DRNBHEa.jpg,https://i.imgur.com/RWpZqyk.jpg,https://i.imgur.com/I8OHrb1.jpg,https://i.imgur.com/VemH6YA.jpg,INSTOCK,100,Drupum Solid Color Men's Casual Slim Fit Shirt Long Sleeve All-match Blouse,"This shirt is suitable for business, going out, party, dating, leisure and so on. Show your body, be a charming gentleman. <br><br>European size: S-XXL; <br>Fabric: polyester; <br>Sleeve: long sleeve; <br>Collar: turn-down collar; <br>Style: slimming. <br><br>Tips: 1, manual measurement, there are 1-3cm errors; <br>2, there is a little color difference due to different light, screen. Please pay attention. Thank you. Wish you a nice shopping!",L,Khaki,25.57,200,0,GBP
MKA229,MKA229-khaki-XL,9159882047595,Drupum,Apparel & Accessories > Clothing > Shirts & Tops > Mens,https://i.imgur.com/DRNBHEa.jpg,https://i.imgur.com/RWpZqyk.jpg,https://i.imgur.com/I8OHrb1.jpg,https://i.imgur.com/VemH6YA.jpg,INSTOCK,100,Drupum Solid Color Men's Casual Slim Fit Shirt Long Sleeve All-match Blouse,"This shirt is suitable for business, going out, party, dating, leisure and so on. Show your body, be a charming gentleman. <br><br>European size: S-XXL; <br>Fabric: polyester; <br>Sleeve: long sleeve; <br>Collar: turn-down collar; <br>Style: slimming. <br><br>Tips: 1, manual measurement, there are 1-3cm errors; <br>2, there is a little color difference due to different light, screen. Please pay attention. Thank you. Wish you a nice shopping!",XL,Khaki,25.57,200,0,GBP
MKA229,MKA229-khaki-XXL,9159882047601,Drupum,Apparel & Accessories > Clothing > Shirts & Tops > Mens,https://i.imgur.com/DRNBHEa.jpg,https://i.imgur.com/RWpZqyk.jpg,https://i.imgur.com/I8OHrb1.jpg,https://i.imgur.com/VemH6YA.jpg,INSTOCK,100,Drupum Solid Color Men's Casual Slim Fit Shirt Long Sleeve All-match Blouse,"This shirt is suitable for business, going out, party, dating, leisure and so on. Show your body, be a charming gentleman. <br><br>European size: S-XXL; <br>Fabric: polyester; <br>Sleeve: long sleeve; <br>Collar: turn-down collar; <br>Style: slimming. <br><br>Tips: 1, manual measurement, there are 1-3cm errors; <br>2, there is a little color difference due to different light, screen. Please pay attention. Thank you. Wish you a nice shopping!",XXL,Khaki,25.57,200,0,GBP
